Name,Id,Docs,Size
A   Azevedo,10,"[17956816, 16612523, 28983279, 29339026, 27761128, 21739001, 17684665, 17956791, 18359360, 19488564, 19574947, 20835541, 25190255, 25303817, 31753780, 22789414, 23049821, 23110786, 24498000]",19
J   Juul,1009,"[16717016, 22100742]",2
A   Londero,101,"[15711472, 17046609, 17956800, 17956816, 19303613, 19926416, 22500699, 26773752, 29287622, 32362565, 12162101, 16493347, 16969308, 20633385, 20676372, 21647364, 22789414, 23177379, 23550269, 23597755, 27250987, 28835261, 29708062, 30488765, 30803389, 30871820, 32062654]",27
J   Kaltenbach,1011,"[10675644, 10755809, 23440516, 26520582, 11950539, 12163523, 12361876, 14729250, 16081009, 16469461, 17114138, 17956775, 18978198, 21068300, 21146597, 24047942, 31022358, 21536826]",18
J   Lebacq,1022,"[16419699, 20420345]",2
J   Lefaucheur,1024,"[17046609, 22500699, 29287622, 16493347, 20633385]",5
J   Marienhagen,1037,"[16170508, 15806046, 17114149, 17605764, 14550687, 15570501, 22021023]",7
J   Nottet,1054,"[15219318, 16735910]",2
J   Parrish,1061,"[19699270, 16492129, 18978200]",3
J   Phillips,1064,"[16995967, 16436993, 26661070, 30624396, 20238353, 21975776, 28425615, 30693546]",8
J   Piccirillo,1065,"[16455366, 17438255, 21422304, 22168528, 22217183, 22675003, 23108884, 23599075, 25356570, 25676150, 25715350, 26422238, 28114646, 28448659, 28951023, 30073285, 31013203, 32808091, 22722065, 22789414, 25319676]",21
J   Said,1078,"[17147041, 17260885]",2
J   Snow,1096,"[17114150, 22245715, 26096056]",3
J   Svedlund,1103,"[11465295, 15643739, 16415703, 16844885]",4
J   Turner,1109,"[19699270, 16492129, 17956779, 18438941, 18978200, 21502491, 25217380, 26109660, 26584761, 21139908, 16904853, 22434653, 23152598]",13
J   Verlooy,1111,"[14744285, 16015156, 16514263]",3
J   Vernon,1112,"[10857999, 17114146, 11981384, 12856298, 12856299, 16640064, 22156949]",7
J   Weissman,1118,"[10924551, 16718451]",2
J   Wu,1121,"[16446557, 17085949]",2
A   Moller,114,"[17691335, 10755808, 16015156, 17952199, 21235318, 16514263, 20633385]",7
K   Brill,1142,"[14689613, 14689629, 14964953, 15106291, 15732509, 16419692]",6
K   Chelette,1146,"[17016213, 17334317, 18475211, 21287564]",4
K   Chung,1152,"[16446557, 17085949]",2
K   Dohrmann,1156,"[15971936, 16014655, 17079102, 17943012, 17956772, 17956812]",6
A   Moulin,117,"[16735910, 22872177]",2
K   Holgers,1176,"[11093613, 11465295, 16315449, 12166689, 12689455, 12647204, 14655330, 15643739, 16415703, 16717016, 16844885, 21716113, 22100742]",13
K   Karlsson,1184,"[17132557, 28045837]",2
K   Kelen,1185,"[17691335, 16015156, 16514263, 17952199]",4
A   MÃ¸ller,119,"[17956770, 15035296, 16331169, 20305490, 12856295, 14744285, 17046676, 17956767, 17956769, 23099209, 26977153]",11
K   Lyons,1198,"[17114146, 16640064]",2
A   Najib,120,"[16891384, 16773635]",2
K   Myers,1206,"[16492129, 17393482, 18438941]",3
K   Owens,1212,"[17114140, 19882495]",2
A   Norena,123,"[11033244, 12401967, 15319555, 17079102, 23104014, 27250987, 29375369, 29628872, 29708062, 31689367, 31969359, 32154627]",12
A   NoreÃ±a,124,"[13679145, 19409969, 20096752, 25298390, 16603911, 23088832, 25997584, 31588855, 21094182, 23392665, 28785218, 32062654]",12
L   Handscomb,1257,"[17114145, 27600656, 27560491, 17182874, 25339938, 27768195, 32032227]",7
A   Pajor,126,"[16419691, 22699628, 14763219, 15307483, 15603401, 16095101]",6
L   Hughes,1261,"[19699270, 16492129, 22434653]",3
L   McKenna,1277,"[11201320, 11678946, 15250126, 31791396, 17114141, 20053154, 25339938, 27445776, 29131084, 28945659, 30609202, 30612487, 32334871, 32362850]",14
L   Roberts,1286,"[29234817, 15474168, 16901722, 17114139, 18712566, 21068300, 21388238, 22654738, 23876286, 23886426, 24622858, 25024849, 25266340, 25937134, 26868680, 27265722, 27888040, 29298868, 30938558]",19
L   Zhang,1307,"[21896771, 31211773, 23135026, 27413554, 27776655, 28188881, 30471164, 16904853, 17114137]",9
A   Pascual-Leone,131,"[16930367, 16696357, 20633385]",3
A   Pirodda,135,"[24790243, 16624499, 17709211, 18951725, 19447564, 20207491, 21711572]",7
M   Farhadi,1371,"[16419698, 20068582, 22249867, 22279456, 23267375, 23810454, 24442544, 24995896, 24995901, 25879244, 30528654, 30895749, 31304914, 32500717]",14
M   FÃ¡vero,1377,"[16951856, 29339026]",2
M   Gross,1385,"[16962270, 20619332]",2
M   Hoffer,1396,"[10923311, 17004408, 12856303, 25319676, 23571304]",5
M   HÃ¤rter,1402,"[14968314, 15502893, 17031772]",3
A   Reisshauer,141,"[16103972, 16328201, 16896969, 18066513, 18560742, 16757123, 17210337, 16717441, 16226392]",9
M   Jozefowicz-Korczynska,1412,"[16419691, 22699628]",2
M   Kusatz,1435,"[16639917, 27515471]",2
M   Landgrebe,1439,"[17956774, 17956801, 17956816, 20158510, 20230935, 22909265, 16845596, 17984924, 18066684, 18359361, 18412944, 19205161, 20633385, 19130969, 19325894, 19413945, 20682024, 21224265, 21493265, 21511205, 21568629, 21808984, 22021023, 22032737, 22069382, 22302057, 22383902, 22509155, 22529949, 22613349, 22688213, 22723902, 22781703, 22789414, 23049821, 23078754, 23186556, 23229756, 23435735, 23982788, 24409317, 24422941, 24498000, 24898574, 24991438, 24996510, 26557654, 26583098, 26583109, 26583133, 26667790, 28265258, 28807845, 28894434, 31749641]",55
M   Lenhardt,1445,"[14689651, 14763327, 15106276, 15732508, 16419683, 16639909, 17147036, 18229785, 18616081, 18616085, 19205160]",11
M   Lopez-Gonzalez,1452,"[15922111, 17118597, 17942035]",3
M   Marcolin,1457,"[16930367, 19614962]",2
M   Meikle,1463,"[10755810, 17114146, 17956815, 17956816, 11981384, 12856298, 12856299, 16640064, 18599500, 22156949]",10
M   Mennemeier,1465,"[22486989, 28629874, 17016213, 17147035, 17334317, 18475211, 21287564, 22789414]",8
M   Montero,1474,"[16470467, 17551855]",2
M   Pfister,1494,"[18225608, 17130796]",2
M   Redleaf,1504,"[24786540, 17044540]",2
M   Reimold,1506,"[16891384, 16773635]",2
M   Savastano,1522,"[11677863, 17109163, 12020910, 15191153, 15903206, 16076720, 16572616, 16753839, 17388232, 17416295, 17427776, 18317787, 20114148, 23245492]",14
M   Schechter,1524,"[17114146, 12503922, 12503923, 12503924, 15077641, 16180968, 16180969, 16411806, 16470467, 16640064, 18628281, 18664499]",12
M   Smits,1529,"[16514263, 17404721]",2
M   Tapia,1541,"[11692970, 16555108]",2
A   Serra,156,"[19092560, 16753839]",2
N   Birbaumer,1578,"[17130796, 19760238, 23287811, 31726439]",4
N   Mirza,1608,"[17114137, 21640740, 21179508]",3
A   Shulman,162,"[14689612, 14689620, 14689626, 14689651, 14763215, 14763233, 14763326, 14763327, 15379343, 15732508, 16419683, 16639909, 17147036, 17147045, 17260875, 17260877, 17260882, 17691660, 18229785, 18229791, 18616081, 18616086, 19134487, 19842346, 21609918, 23906833, 27186829]",27
N   Weisz,1632,"[20821181, 15113455, 15971936, 16014655, 16901722, 17079102, 17943012, 17956772, 17956812, 18199318, 19005566, 19228390, 19429040, 19930625, 20334674, 20592125, 22509155, 23008160, 23390539, 23597755, 23609486, 23700271, 29375369]",23
O   Akdogan,1638,"[12544035, 17126917, 18614307]",3
O   KÃ¶nig,1651,"[16962270, 20619332]",2
O   Michel,1654,"[14740299, 16547898, 17203457, 17598707, 18288623, 19572238, 15694221]",7
P   Avan,1666,"[15711472, 16493347, 16969308]",3
P   Axon,1667,"[12169120, 15793400, 16151359, 16436993, 17077869]",5
P   Bonfils,1671,"[15711472, 17046609, 19926416, 26773752, 29287622, 12162101, 16493347, 16969308, 20676372, 21647364]",10
P   Caffier,1674,"[17086074, 19222841, 20585250]",3
P   Cobo,1683,"[17114148, 17956811, 18587591, 20044759, 32784159]",5
P   Dejonckere,1691,"[16419699, 20420345]",2
P   Eichhammer,1693,"[16170508, 17956774, 17956780, 17956786, 17956801, 17956816, 12802186, 14550687, 15570501, 15806046, 15862911, 16594935, 16845596, 17114149, 17114153, 17605764, 17903575, 18066684, 18359361, 18412944, 20633385, 24409317, 24898574]",23
P   Georgiewa,1698,"[16103972, 18066513, 16226392, 16717441, 16757123, 26918795]",6
P   Heyning,1703,"[15503045, 17114151, 19670596, 17691335, 17956816, 18225602, 18225603, 18225607, 18225608, 18225610, 18225613, 18228680, 20374277, 21563554, 21920411, 25654947, 26441318, 27592038, 28286241, 29773153, 31370873, 21889914, 26342399, 18817861, 17952199, 20633385, 19911891, 21235318, 21848924, 22120273, 22392014, 22789414, 24498000, 24603353, 25872149, 29375369, 14744285, 16015156, 16331169, 16514263, 17956771, 18834065, 19005250, 19623097, 19816597, 19937045, 20186404, 20305490, 20417285, 20505927, 21048975, 21358561, 21429905, 21437634, 21756468, 22722146, 22917883, 23133339, 23415838, 23415916, 23418635, 23571303, 23609486, 23640086, 23894638, 24135769, 24395086, 24518401, 24812586, 25056151, 25587455, 25415466, 26045606, 26339968, 26433053, 26554670, 27445661, 27594824, 28572760, 29487513, 29772954, 30019630, 30213235, 30314506, 30626414, 30978269, 31498295, 31498298, 31514042, 31821261, 32150992, 32477049, 33013517, 17114143, 23314693, 25781934, 23049821]",97
P   Hudgins,1705,"[16971601, 17195746, 18368578]",3
P   Jastreboff,1708,"[10755812, 17114146, 17956806, 25862626, 12503922, 12856300, 15077641, 16514259, 16640064, 21223542, 21751942]",11
A   Strashun,172,"[14689626, 14763233, 15379343, 15732508, 17147036, 18229791, 18616086, 19842346]",8
P   Maenner,1725,"[12802186, 17114149]",2
P   Molin,1730,"[17054188, 22972065]",2
P   Peignard,1739,"[15711472, 26773752, 16493347, 16969308]",4
P   Plinkert,1744,"[12420185, 15309256, 17082957, 20809193, 32712606, 23906825, 23936599, 25224125, 25745385, 22993646]",10
P   Sand,1750,"[17956780, 17956786, 17956816, 22654739, 22909265, 17605764, 21899751, 24710009, 23602606, 24409317, 24898574, 15570501, 15862911, 16845596, 17114149, 17114153, 17903575, 18066684, 18359361, 20633385]",20
P   Smith,1753,"[21352899, 21549180, 21782007, 24291770, 15998570, 16044667, 17056016, 17376618, 17851905, 17956789, 20138209, 20630477, 22005094, 22960359, 23015804, 25162023, 25478959, 25852639, 25977231, 26433054, 30507635, 30609202, 32362850, 22829836]",24
P   Stiegler,1754,"[17159373, 17274312]",2
R   Bento,1785,"[12401968, 14763237, 16446955, 16813029, 16951856, 17305275, 17684660, 25073131, 25991952]",9
A   Unal,179,"[16556347, 26490370, 26711900]",3
R   Cordeiro,1795,"[16470283, 17063249, 19582344]",3
R   Ellingson,1800,"[10943023, 11732833, 17114140, 15558367, 15685475, 23886426]",6
R   Figueiredo,1801,"[17956816, 21493265, 22302057, 22541838, 22789414, 23049821, 24422941, 24498000, 16612523, 17684665, 17956791, 18359360, 19488564, 19574947, 20835541, 21739001, 25190255, 25303817, 27761128, 28983279, 29339026, 31753780]",22
R   Folmer,1803,"[11032291, 11283496, 12234379, 12792317, 15008444, 15379348, 16399193, 17114152, 19205163, 20633385, 21674401, 22937406, 22156949, 23444467, 24622863, 25600417, 26181507, 28183355, 29464519]",19
A   Uziel,181,"[14763234, 17147043]",2
R   Humphriss,1818,"[11144832, 21940981, 26804253, 16151359, 16436993, 17077869]",6
R   Kempter,1821,"[16820003, 16962270, 19357344, 20619332, 22586377]",5
R   Levine,1827,"[10669517, 14600798, 17956783, 19785926, 15293775, 19699287, 20360168, 20881196, 21970850, 22504034, 22869301, 23906831, 25726282, 16514262, 18632767, 22626945, 24057829]",17
R   Marcondes,1835,"[19614962, 16930367, 29339026, 16813029, 16696357, 20633385]",6
R   Mora,1845,"[15106284, 17147046]",2
R   Salvi,1867,"[11222790, 21821100, 11568674, 17114137, 18948211, 21765586, 24843217, 24882929, 12204348, 22513100, 22557950, 23071681, 23933328, 24622858, 25278931, 25386157, 25904892, 29161302, 15051133, 16904853, 19122834, 19183705, 19712015, 20502380, 21640740, 23201030, 24231418, 25379434, 25734018, 25789314, 25935516, 25962854, 26578894, 28112466, 28286099, 30403955, 30625004, 30941010, 32653998]",39
R   Schaette,1870,"[22979832, 16820003, 16962270, 19357344, 20619332, 21940438, 22586377, 24012951, 24374091, 26139435, 29131084, 30890481]",12
R   Turchetta,1882,"[16532796, 21796866, 27460721, 32767320, 25725038, 28099967, 28553764, 28885581, 29161302, 29336129]",10
R   Tyler,1883,"[12806303, 16514258, 17114142, 17956782, 17956807, 17956814, 18519577, 20333263, 19842803, 19949236, 22353680, 22609540, 22849609, 25273878, 25274374, 26001407, 26649850, 28614844, 29192507, 30105356, 30938560, 31210635, 17922346, 17956792, 19056922, 23598691, 24811293, 25026936, 26622950, 27564443, 27681261, 28931943, 31021659, 31580805, 32323291, 32381342]",36
S   Aksoy,1896,"[17126917, 18229787, 21595618]",3
A   Cesarani,19,"[16514260, 14763222, 15379358, 17691666, 24995895, 25773105, 27372169]",7
S   Griest,1954,"[11032291, 11283496, 17956815, 17114146, 12792317, 18599500, 19205163, 22156949, 23373742, 28183355, 28215378, 30901434, 32362561, 16640064, 23341277, 24603542, 25144174, 25365366, 25211767, 25551458, 26074306, 26181507, 27315442, 27438870, 28418492, 28590898]",26
S   Hahn,1959,"[16473752, 28669224]",2
S   HÃ©bert,1977,"[25135356, 17084027, 17804979, 18243788, 20561177, 22449242, 22629449, 22688322, 23392665, 24349414, 25972836, 29692331, 30048253, 30267085, 32334868]",15
S   Kovacs,1996,"[17691335, 17956802, 16514263, 17114143, 17404721, 21235318, 22120273]",7
S   Lupien,2006,"[17084027, 18243788]",2
S   Mahmoudian,2009,"[16419698, 15732515, 20068582, 22249867, 23267375, 23810454, 24333889, 24995896, 24995901, 25879244, 30239441, 30528654, 30683563, 30895749, 31266717, 31304914, 32284839, 32500717]",18
S   Plontke,2037,"[16891384, 22539568, 16773635, 19407732, 19698089, 23287811]",6
S   Pridmore,2038,"[16594935, 17114153, 22535918]",3
S   Robinson,2043,"[15106282, 16314604, 16973315, 19205162, 25273878, 25274374, 17956790]",7
S   Sunaert,2069,"[17691335, 17956802, 15035296, 16015156, 16514263, 17114143, 17404721, 21235318, 22120273]",9
S   TÃ¶nnies,2080,"[16736211, 16900385]",2
S   ZÃ¶ger,2111,"[11465295, 16315449, 15643739, 16415703, 16844885]",5
T   Bartel,2117,"[21287564, 17016213, 17334317, 18475211]",4
T   Brozoski,2118,"[11545150, 11896177, 19699270, 22383901, 28478300, 30342202, 16081010, 16492129, 16652071, 17221143, 17382501, 17393482, 18438941, 20868734, 20890204, 21527325, 22405692, 23418634, 23785405, 24282480, 25217380, 25983218, 26520585, 28894836, 32327193, 21969021, 24583078]",27
T   Elbert,2127,"[17956816, 15113455, 15971936, 16014655, 16901722, 17943012, 17956772, 17956812, 19005566]",9
T   Furmark,2130,"[11200593, 16837798]",2
T   Hartmann,2134,"[17079102, 17956812, 19005566, 19228390, 19429040, 19930625, 23700271]",7
T   Kimbrell,2142,"[17016213, 17334317, 18475211, 21287564]",4
T   Kleinjung,2144,"[16170508, 17956774, 17956780, 17956786, 17956800, 17956801, 17956816, 20158510, 20230935, 22654739, 22909265, 29143096, 14550687, 15570501, 15806046, 15862911, 16594935, 16845596, 17114149, 17114153, 17605764, 17903575, 17984924, 18066684, 18359361, 18412944, 19205161, 20633385, 19130969, 19413945, 19829970, 20420340, 21224265, 21493265, 21511205, 21568629, 21705788, 21808984, 21899751, 22021023, 22032737, 22069382, 22125612, 24710009, 22383902, 22529949, 22723902, 22789414, 23049821, 23245492, 23948178, 23982788, 24286640, 24409317, 24498000, 24898574, 26583098, 26850646, 27001548, 27671157, 28315312, 28476163, 28499301, 28807845, 29163242, 29249959, 29375369, 29770647, 30031353, 30500397, 31049052, 31060475, 32328859, 32381341, 32675432, 32761509]",76
T   Ostermann,2177,"[16639917, 27515471]",2
T   Sanchez,2188,"[16930367, 19614962, 17956816, 27594822, 12401968, 14763237, 16446955, 16813029, 16951856, 17305275, 17684658, 17684660, 17956782, 17956784, 18075244, 18164988, 20068290, 20339684, 21103715, 21808880, 22053947, 23306563, 23571302, 25991952, 25885191, 26278558, 26602000, 27265722, 29339026, 30213235, 32863109, 20633385]",32
T   Zaugg,2216,"[17114146, 16180968, 16180969, 16470467, 16640064, 18628281, 18664499, 19265252, 23341277, 23934876, 25144174, 25551458, 27315442, 27438870, 28418492, 29090311, 29847413, 31022360, 31022363, 15553658, 19882495, 28669224, 29768430]",23
B   Goldstein,223,"[14689651, 14689612, 14689620, 14689626, 14763233, 14763326, 14763327, 15732508, 16419683, 16639909, 18229785, 18616081, 14763215, 17147036, 17147045, 17260875, 17260877, 17260882, 17691660, 18229791, 18616086, 19134487, 19842346, 21609918, 23906833, 27186829]",26
V   Kaldo,2235,"[14724924, 15024862, 15370777, 15738691, 16379495, 17129924, 17662756, 17662757, 19027431, 19675959, 19778399, 22250855, 23432207, 30135809]",14
V   Matzi,2241,"[17159373, 17274312]",2
V   Pich,2244,"[16929509, 18562496]",2
W   Arnold,2257,"[17114147, 18769025]",2
W   Dalby-Brown,2263,"[17114137, 21640740]",2
W   Hiller,2273,"[10888343, 15724525, 15865915, 17178943, 17664870, 22125612, 22789414, 23199238, 24970708, 25120934, 25031187, 25906171, 26168948]",13
W   Martin,2286,"[11283496, 17956815, 20500032, 22156949, 22789414, 17114152, 19205163, 19643267, 23373742, 24622863, 28215378]",11
W   Noble,2290,"[10981594, 16514258, 17114142, 17922346, 17956814, 18635586, 19056922, 19925329, 20159209, 22609540, 24811293, 24995899, 25773107]",13
W   Schlee,2293,"[17079102, 17943012, 17956812, 19005566, 20633385, 19228390, 19429040, 19930625, 20592125, 22125612, 22509155, 23415838, 23609486, 24135769, 24967106, 26557055, 26557654, 26667790, 26853815, 27315823, 27488227, 28018210, 28265258, 28824415, 28983279, 29375369, 29515350, 29628872, 30177869, 30871419, 30871820, 31364603, 31434985, 31796761, 31805822, 31905364, 32204540, 32808939, 32858835, 32938634, 23597755, 27445661]",42
W   Sun,2300,"[17114137, 21765586, 21821100, 15051133, 16904853, 19122834, 23201030, 25904892, 25962854, 31683074, 29063965]",11
W   Szyfter,2302,"[11355486, 11766320, 16454306, 12094648, 12162027, 12162028, 12523171, 15307484, 15732832]",9
W   Triggs,2304,"[17016213, 17334317, 18475211, 21287564]",4
B   Klapp,236,"[16103972, 16328201, 16896969, 18066513, 19173149, 19795102, 20811868, 23292277, 11801262, 16226392, 16717441, 16757123, 17210337, 19222841, 19657182, 25445818, 26918795]",17
Y   Shen,2400,"[21933015, 17085949]",2
Y   Shi,2401,"[31042571, 15008444, 17114152, 19643267, 22937406, 24622859, 24622863, 26181507, 30670243]",9
B   KrÃ¶ner-Herwig,241,"[14689617, 12670617, 26054729, 15625793, 19742075, 20500027, 22413736, 22445697, 23205617, 23301660, 23777192, 27499700, 27995315]",13
Y   Xin,2416,"[16848175, 19266814]",2
Y   Zhao,2424,"[31315368, 16848175, 32328770, 19266814]",4
Y   Zheng,2425,"[21352899, 21549180, 21782007, 24291770, 30550181, 30105255, 20669657, 22870717, 23833989, 23951019, 26881064, 27095590, 29146645, 29988458, 30261769, 31133786, 31474821, 32317943, 32417745, 32714128, 15998570, 17056016, 17376618, 17851905, 20138209, 20630477, 22005094, 23015804, 25162023, 25478959, 25852639, 25977231, 26433054, 30507635, 21975776, 22468196, 23213750, 23285949, 29130671, 29378444, 31198049, 31232954, 31925625, 31934968, 32892305]",45
B   Langguth,243,"[16170508, 17046609, 17956774, 17956780, 17956786, 17956800, 17956801, 17956816, 19614962, 20158510, 20230935, 20821181, 22654739, 22909265, 23111293, 24477090, 26054729, 12802186, 14550687, 15570501, 15806046, 15862911, 16594935, 16845596, 17114149, 17114153, 17605764, 17903575, 17956787, 17984924, 18066684, 18359360, 18359361, 18412944, 18722219, 19205161, 20633385, 19130969, 19228390, 19325894, 19413945, 19574947, 19712015, 19829970, 19931642, 20420340, 20592125, 20682024, 20708452, 21224265, 21493265, 21502503, 21511205, 21568629, 21699365, 21705788, 21808984, 21899751, 22021023, 22032737, 22032739, 22053947, 22069382, 22125612, 22149000, 24710009, 22291622, 22302057, 22383902, 22509155, 22529949, 22613349, 22688213, 22723902, 22781703, 22789413, 22789414, 22846637, 23049821, 23078754, 23121658, 23186556, 23229756, 23390539, 23435735, 23597755, 23602606, 23671468, 23700271, 23937149, 23948178, 23968498, 23982788, 24112915, 24409317, 24422941, 24498000, 24558383, 24898574, 24967106, 24991438, 24996510, 25309309, 25478237, 26106362, 26182874, 26261868, 26373470, 26557055, 26557654, 26568958, 26583098, 26583109, 26583133, 26583152, 26667790, 26853815, 26868680, 26890094, 26927363, 27020079, 27315823, 27488227, 27671157, 27995315, 28018210, 28072813, 28134346, 28265258, 28428769, 28652968, 28807845, 28824415, 28894434, 28983279, 29074518, 29375369, 29515350, 30044727, 30177869, 30213235, 30272507, 30871419, 31434985, 31439873, 31573942, 31796761, 31805822, 31905364, 31912887, 32381341, 32575951, 32761509, 32858835]",154
B   Mazurek,249,"[11050977, 14517757, 16103972, 16328201, 16896969, 17487461, 17764004, 17943261, 18066513, 18560742, 19173149, 19795102, 20198360, 20811868, 22037929, 22430181, 23292277, 25862619, 26054729, 29350237, 29426995, 29484461, 30694350, 30796499, 30806717, 30927014, 30927015, 11801262, 16226392, 16717441, 16757123, 17086074, 17210337, 17529847, 19222841, 19657182, 20585250, 20948948, 21540584, 21898434, 21997855, 22701404, 22892805, 23439056, 23706306, 25413891, 25445818, 25910505, 26918795, 27250987, 27445776, 27594824, 27995315, 28192822, 28333916, 28499301, 28529479, 28835261, 30488765, 30803389, 32116880, 31912887, 31969359, 31999776, 32170136, 32584841, 32938634, 33009468, 33032023]",69
B   Rheinsburg,262,"[17114140, 15553658, 15685475]",3
B   Stewart,271,"[17114146, 17956815, 16640064, 18599500, 22156949, 27438870]",6
A   Daneshi,28,"[15732515, 16419698, 25879244, 30895749, 31304914, 32500717]",6
C   Bauer,282,"[11545150, 11896177, 12856296, 15377954, 16081010, 16492129, 16652071, 17221143, 17382501, 17393482, 18438941, 20868734, 20890204, 21969021, 23418634, 23785405, 24282480, 25273878, 25274374, 25983218, 26520585, 27154602, 28894836, 22383901, 22789414, 24583078, 28478300]",27
C   Borghi,287,"[18951725, 24790243, 16624499, 17709211, 19447564, 21711572]",6
C   Cheng,296,"[31336329, 16446557]",2
C   Coelho,300,"[17956782, 17956792, 22609540, 32381342, 16514258, 17114142, 17956814, 19056922, 20333263, 19842803, 19949236, 21493265, 22302057, 22789414, 23049821, 23598691, 24498000, 24811293, 26649850, 27564443, 27681261, 29339026]",22
C   Danner,307,"[23790115, 17147035]",2
C   Darlington,308,"[21352899, 21549180, 21782007, 15998570, 16044667, 17056016, 17376618, 17851905, 17956789, 20138209, 20630477, 22005094, 23015804, 25162023]",14
C   Davis,309,"[21047501, 16448305]",2
C   Doree,314,"[17054188, 22972065]",2
C   Gerloff,324,"[16891384, 26054729, 12557296, 16773635, 20633385, 27995315]",6
C   GonÃ§alves,326,"[16470283, 27488994]",2
A   Dias,33,"[16470283, 17063249, 19582344, 29676293, 26572700]",5
C   Herraiz,335,"[16285431, 16555108, 17114148, 17956803, 17956811, 17956816, 18587591, 23496427, 16274808, 17606035, 17999908, 20044759]",12
C   HerrÃ¡iz,336,"[11692970, 12916476, 14992115, 15195519, 16550862]",5
C   Huang,340,"[16446557, 17085949, 19901713]",3
C   Kaelin,342,"[17114146, 16470467, 16640064, 17551855, 23341277, 25144174, 25551458, 26074306, 27438870, 28418492, 28669224, 29847413, 31022360]",13
C   Lipp,357,"[17159373, 17274312]",2
C   Loovis,360,"[16470467, 17551855]",2
C   Mahlke,363,"[14508632, 15350276, 16957594]",3
C   Nicolas-Puel,375,"[15711472, 12162101, 14763234, 17147043]",4
C   Plewnia,385,"[16891384, 22539568, 12557296, 16773635, 20633385, 19407732, 19698089, 20626436, 30707989]",9
C   Seydel,400,"[16103972, 16896969, 18066513, 19173149, 22037929, 22430181, 23292277, 30806717, 30927015, 19657182, 23439056, 25413891]",12
C   Walch,415,"[17159373, 17274312]",2
C   Wienbruch,418,"[16014655, 16901722]",2
C   Zachriat,423,"[15625793, 19742075]",2
D   Alpini,427,"[16514260, 14763222, 15379358, 17691666, 18616089]",5
D   Baguley,430,"[11678946, 11144832, 12169120, 12894865, 17403265, 21917216, 28994194, 22789414, 23827090, 27228021, 12324394, 15357407, 15793400, 16151359, 16436993, 17077869, 17114135, 17956799, 18174921, 19210767, 19585962, 21221046, 21295114, 21646935, 22633033, 23245492, 24829038, 25296967, 25564147, 26399571, 26804253, 27240696, 27259524, 27619040, 28418328, 28431551, 28793790, 28990807, 30135809, 29095725, 29933258, 30286238, 30295113, 30452747, 30470247, 30479266, 31044691, 31447630, 31365354, 32938634, 33000672]",51
D   Bosnyak,435,"[17114139, 18712566, 21388238, 22654738, 25024849, 25937134]",6
D   Caspary,437,"[11896177, 19699270, 30342202, 16492129, 18438941, 20868734, 21068300, 21527325, 22405692, 23152598, 24622858, 25217380, 26109660]",13
D   Ding,444,"[17114137, 21821100, 23201030, 32653998]",4
D   Hinton,462,"[16929509, 18562496]",2
D   Malinvaud,480,"[15711472, 26773752, 16493347, 16969308]",4
D   Mattox,485,"[16971601, 17195746, 18368578]",3
D   McFerran,488,"[16995967, 17054188, 21646935, 28425615, 31447630, 20238353, 22972065, 23328862, 23827090, 25470370, 28830503, 29433479, 29688102, 30908589]",14
D   Moffat,490,"[12169120, 15793400, 16151359, 16436993, 17077869, 18174921]",6
D   Okada,494,"[16951850, 18094800]",2
D   Ridder,500,"[20230935, 15503045, 17046609, 17114151, 17691335, 17956802, 17956816, 18225602, 18225603, 18225607, 18225610, 18225613, 19670596, 20374277, 21208381, 21563554, 21889914, 21920411, 23111293, 24477090, 29773153, 31152296, 17404721, 20633385, 19413945, 21493265, 23049821, 24498000, 14744285, 15035296, 16015156, 16331169, 16514263, 17114143, 17952199, 17956771, 17956805, 18094653, 18834065, 19623097, 19816597, 19911891, 19937045, 20186404, 20305490, 20417285, 20505927, 21048975, 21235318, 21358561, 21429905, 21437634, 21502503, 21710223, 21756468, 21790807, 21848924, 21998628, 22019079, 22032739, 22120273, 22291622, 22348053, 22392014, 22494273, 22509155, 22541838, 22586375, 22658239, 22722146, 22782482, 22782483, 22789414, 22808188, 22853891, 22917883, 23055986, 23104014, 23110786, 23133339, 23314693, 23415838, 23415916, 23418635, 23533644, 23571303, 23597755, 23607023, 23609486, 23640086, 23732881, 23894638, 23948178, 23982788, 24112915, 24135769, 24255953, 24391599, 24422941, 24558383, 24812586, 25097788, 25129400, 25587455, 25611454, 25689839, 25694243, 25703225, 25781934, 25875099, 26106362, 26180052, 26314996, 26373470, 26467416, 26477359, 26708013, 27023015, 27381994, 27509900, 27761741, 28572760, 28826043, 29888315, 29487513, 30142355, 31680845, 32457569]",128
D   Stolzberg,513,"[25278931, 16904853, 19122834, 20502380, 21640740, 22557950, 23201030, 23933328]",8
D   Tucci,518,"[17106432, 26457113]",2
E   Idrizbegovic,570,"[17132557, 19585962, 30653224]",3
E   Lobarinas,585,"[17114137, 18948211, 21765586, 21821100, 15051133, 16904853, 19122834, 19183705, 20502380, 21640740, 22728305, 23071681, 23201030, 24231418, 25526855, 28553744]",16
E   Onishi,604,"[15379342, 16389787, 16951850, 18094800, 24516567, 26541232, 26747258, 28826945, 29339026]",9
E   Szymiec,616,"[11766320, 16454306, 12094648, 12162027, 12162028, 12523171, 15307484, 15732832]",8
E   Verstraeten,622,"[17691335, 16015156, 16514263]",3
E   Viirre,623,"[15106282, 16314604, 16973315, 19205162, 20420339, 11930157, 18229790, 18616082]",8
E   WallhÃ¤usser-Franke,624,"[14508632, 15350276, 26190041, 16957594, 19963813, 22529921, 22750224, 23326394, 25120934, 28326059, 29209267]",11
E   Weiler,627,"[14689613, 14689629, 14964953, 15732509, 16419692, 15106291]",6
F   Branco-Barreiro,637,"[31300303, 16389787, 30926455]",3
F   Chami,639,"[15106278, 16951850]",2
F   Cianfrone,641,"[16532796, 21796866, 17558507, 19842353, 25725038, 28099967]",6
F   Esteban-Ortega,646,"[15922111, 17118597, 17942035]",3
F   Fischer,649,"[16226392, 16717441]",2
F   Fregni,650,"[16930367, 16696357, 20633385, 22019079, 24391599]",5
F   GananÃ§a,653,"[14763236, 16389787, 21860977]",3
F   Ma,663,"[16848175, 30082529, 19266814, 22703231, 28687184, 30795964]",6
F   Mora,669,"[15106284, 17147046]",2
G   Altissimi,688,"[16532796, 21796866, 27460721, 32767320, 23219227, 24550676, 25018882, 25725038, 28099967, 28553764, 28885581, 29161302, 30102717]",13
G   Andersson,690,"[11063238, 11177034, 11200593, 12169130, 14689630, 12894865, 28994194, 12238249, 12271112, 12753982, 12800295, 12932800, 14724924, 15024862, 15370777, 15738691, 15903144, 16379495, 16837798, 17114141, 17129924, 17662756, 17662757, 18926522, 19012118, 19012119, 19027431, 19268281, 19585962, 19675959, 19778399, 19842804, 19929119, 21237544, 21414459, 21864830, 22250855, 23199238, 23301660, 23432207, 23627873, 23675540, 23777191, 23881309, 24297760, 24622860, 24970708, 25031187, 25665072, 25906171, 26399571, 26649534, 26867083, 27114881, 27564444, 28240981, 28418328, 28431551, 28793790, 28990807, 30135798, 30135809, 30461391, 29095725, 29383953, 29739734, 29873278, 30286238, 30295113, 30452747, 30470247, 30479266, 32105512, 32370767]",74
G   Cianfrone,703,"[16532796, 21796866, 27460721, 32767320, 23219227, 24550676, 25018882, 25725038, 28099967, 28553764, 28885581, 29161302, 29336129, 30102717]",14
G   Goebel,712,"[10888343, 17114147, 20198360, 23292277, 24294604, 25862621, 26054729, 29417192, 15724525, 17178943, 17664870, 20500027, 22125612, 27995315, 33032023]",15
G   Hajak,714,"[16170508, 17956774, 17956786, 17956801, 17956816, 20158510, 20230935, 22909265, 15806046, 17903575, 18359361, 18412944, 20633385, 19325894, 19413945, 20682024, 22032737, 22069382, 24710009, 22789414, 24996510, 12802186, 14550687, 15570501, 15862911, 16845596, 17114149, 17114153, 17605764, 17956787, 18066684, 19205161, 19130969, 21511205, 21568629, 21808984, 22021023, 22613349, 23435735, 24409317, 24898574, 24991438, 28807845]",43
G   Hesse,716,"[11555780, 15034637, 18551261, 18560740, 18560741, 19096811, 20811866, 24549511, 25862622, 26054729, 26219526, 27128400, 27683300, 29417193, 16419682, 20568534, 27995315, 28025604, 30025416]",19
G   Langner,724,"[14508632, 16957594]",2
G   Marioni,730,"[16076720, 16572616, 17416295, 17427776, 20114148]",5
G   Modugno,736,"[24790243, 16624499, 17709211, 18951725]",4
G   Moffat,737,"[19409969, 20096752, 17114139, 18712566]",4
G   Mulder,740,"[17691335, 17956802, 15035296, 16015156, 16514263]",5
G   Plaza,745,"[11692970, 12916476, 14992115, 16555108, 17114148, 16274808]",6
G   Reischl,750,"[16891384, 16773635]",2
G   Santos,756,"[11692970, 14992115, 12916476, 16550862, 25073131, 16274808]",6
A   Izita,76,"[17147041, 17260885]",2
G   Walker,770,"[16533080, 17487668]",2
G   Yang,776,"[17114137, 16904853]",2
H   Argstatter,784,"[17082957, 18566786, 20809193, 19163872, 22993646, 23906825, 23936599, 25126681, 25224125, 29490515]",10
H   Binder,787,"[15862911, 16845596, 17605764, 18412944]",4
H   Chen,794,"[25966560, 17085949, 31969266, 29997192, 28112466, 30122924, 30598879, 31866810]",8
A   Job,81,"[15219318, 16735910, 17259699, 25503643, 29590475]",5
H   Haupt,814,"[16103972, 16896969, 17764004, 17943261, 19173149, 19795102, 20811868, 22037929, 22430181, 23292277, 16717441, 16757123, 17086074, 17210337, 19222841, 19657182, 20585250, 20948948, 21540584, 21898434, 21997855, 22701404, 22892805, 23439056, 25413891, 25445818]",26
H   Klemen,834,"[17159373, 17274312]",2
H   Lee,840,"[11276338, 17056016, 17085949, 28224644, 31021659, 19513328, 23799161, 26418362, 28417104, 28990828, 29889778, 30256201, 30662385, 30799211, 32784160, 24983712, 26413574, 26620396, 24914798, 26020239, 29176873, 23930543, 28224644, 32980209, 32017804, 29879090]",26
H   Schaaf,870,"[12596030, 15034637, 18551261, 18560740, 19096811, 20814660, 24549511, 26219526, 27683300, 16419682, 20568534, 30025416]",12
H   Scherer,871,"[16103972, 17086074, 17210337, 20585250]",4
A   Kontaxis,88,"[17159373, 17274312]",2
H   Zenner,900,"[26054729, 16353397, 15224870, 23287811, 27995315, 17130796, 17152797, 12782351]",8
I   Bruce,907,"[17052154, 25024849, 25937134, 27888040]",4
I   Diges,913,"[17114148, 17956803, 17956811, 17956816, 18587591, 20044759, 23571302]",7
I   Mackenzie,918,"[17040597, 22614806]",2
A   Laubert,92,"[11555780, 18560740, 16419682]",3
I   Medeiros,920,"[14763237, 16446955, 25073131]",3
J   Aparicio,937,"[17114148, 18587591, 20044759, 17606035, 17999908]",5
J   Battlehner,942,"[15502893, 17031772]",2
J   Carroll,957,"[22526737, 16399193, 17114152]",3
J   Corrente,965,"[16470283, 17063249]",2
J   Dornhoffer,974,"[22486989, 28629874, 17147035, 18475211, 21287564, 22789414, 17016213, 17334317, 20633385, 20625292]",10
J   Eggermont,976,"[13679145, 17114136, 23648387, 25862624, 12543153, 15474168, 16214672, 16603911, 17956768, 18978202, 21068300, 22330978, 23876286, 25266340, 25316625, 25728183, 25741316, 26719143, 27895575]",19
J   Finnell,978,"[16455366, 17438255]",2
A   Lima,98,"[16813029, 17305275, 17684660]",3
J   Henry,993,"[10755810, 10943023, 11732833, 17114140, 17114146, 17956815, 14964950, 12503922, 12503923, 12503924, 15077641, 15553658, 15558367, 15685475, 16180968, 16180969, 16411806, 16470467, 16640064, 17551855, 18599500, 18628281, 18664499, 19265252, 19882495, 21674401, 21960147, 22156949, 23341277, 23886426, 23934876, 24384078, 24603542, 24622858, 24622860, 24622861, 25144174, 25166630, 25273878, 25274374, 25365366, 25211767, 25551458, 25600417, 26074306, 27315442, 27438870, 27518136, 27997668, 28418492, 28590898, 28669224, 28880980, 29022411, 29090311, 29768430, 29847413, 30013820, 30766380, 30901434, 30938558, 31022360, 31022361, 31022366, 31689367, 32362561, 25319676]",67
J   Lee,1023,"[29406247, 17368031, 24782947, 22977715, 31469796, 30352085, 32017804, 17945678, 23651913, 28943052, 29706416, 28813508, 29183894, 23620150, 27161899, 24914798, 26020239, 32472915, 32558752, 28068305, 27774600, 32955464, 25570560, 25756459, 26154843, 28286100, 28471721, 30287741, 31234248, 31830753, 32292383, 32735626, 32944806, 31079444, 20346181, 32955464, 29422923]",37
J   Magnan,1035,"[15106284, 17909826]",2
J   Melcher,1043,"[17956816, 10669517, 17956783, 18632767, 19699287, 20881196, 21068300, 22504034, 22869301, 25231612]",10
J   Mooij,1047,"[15891644, 17259751]",2
J   Rauschecker,1070,"[16280464, 17956816, 20620868, 21220097, 22493571, 22982009, 25050181, 26299843, 26412095, 27091485, 28824415]",11
J   Salonen,1079,"[17888810, 26086944, 28415897]",3
J   Saunders,1081,"[15241224, 17418230]",2
J   Savage,1082,"[19454115, 21726476, 22331367, 25328113]",4
J   Siqueira,1091,"[16202044, 18075244, 24347013, 24820426]",4
J   Smith,1094,"[17334317, 22066003]",2
J   Steiger,1100,"[17479613, 24384078]",2
J   Strutz,1102,"[16170508, 15806046, 17903575, 18359361, 19130969, 19829970, 21511205, 21705788, 22723902, 26583098]",10
J   Tan,1104,"[17275194, 27192902, 18524887]",3
J   Unterrainer,1110,"[14689647, 17206402, 15106289]",3
J   Werner,1119,"[11489370, 17255885]",2
J   Zhang,1131,"[29429190, 24662845, 28687812, 23141438, 23141439, 29541537, 23259261, 29541537, 25379434, 25734018, 25789314, 25935516, 26578894, 30941010, 32315198, 23135026, 23285963, 23379118, 27192902, 19894493, 23937007, 12163523, 12361876, 14729250, 16081009, 18094653, 21057850, 21933015, 22683504, 22683861, 24069375, 24583078, 24938852, 25092609, 26299842, 27835697, 27865868, 28687812, 28925013, 31211773, 31795642]",41
J   Zhou,1133,"[29541537, 17956776, 23646433, 32161526]",4
K   Cruickshanks,1154,"[12141389, 17479618, 20560859, 21309642, 22588269, 31356390]",6
K   Dudek,1158,"[17263252, 19560298]",2
K   Elisevich,1160,"[17691335, 18094653]",2
K   Fujimoto,1166,"[17945908, 18002479, 19162655]",3
K   Heijneman,1173,"[17956805, 22467284, 23571300]",3
A   MÃ¤kitie,118,"[26685859, 19925346, 17573569, 23237096, 25437140, 27124116, 28084177, 29114160, 31275536]",9
K   James,1180,"[17551855, 19882495]",2
K   Lee,1196,"[29966488, 28434756, 22626945, 25466808, 26745481, 27023015, 27351198, 27812001, 17368031, 24983712, 24953134]",11
K   Rohbock,1220,"[17275194, 18524887, 23154938, 23516401]",4
K   Wise,1233,"[25863140, 17956809, 26910854]",3
L   Bo,1241,"[17956798, 17956816, 19372645, 21090162, 18722219, 19248952, 19879078, 20558020, 21070123, 21592701, 21595527, 25773105, 29336133, 32773786]",14
L   Ozluoglu,1280,"[12544035, 15364356, 17647005, 23899886]",4
L   Pospiech,1283,"[15049195, 17263252, 19560298]",3
L   RÃ¼ttiger,1289,"[17275194, 12782351, 18524887, 23154938, 23516401, 24012803, 25871611, 30202725, 30599268, 32938634]",10
A   Pandya,129,"[17945908, 18002479, 19162655, 19963506, 24111098]",5
M   Aita,1316,"[17388232, 17427776]",2
M   Avitable,1325,"[15732508, 17260877, 17691660]",3
M   Bakhshaee,1326,"[17960408, 23906826]",2
M   Bennett,1333,"[16259656, 15674964, 17253520, 23076907]",4
M   Canis,1343,"[17487461, 17529847, 20015810]",3
M   Fagelson,1369,"[18056879, 26950001, 21993049, 32105512]",4
M   Hansen,1389,"[17956792, 23598691, 26001407, 27564443, 27681261]",5
M   Jastreboff,1408,"[10755812, 21595527, 12503922, 12856300, 15077641, 16514259, 17956808]",7
M   Kim,1426,"[28224644, 29945669, 32426223, 21331784, 32176148, 24296263, 23448323, 31845226, 17368031, 26700250]",10
M   Knipper,1428,"[17275194, 12782351, 18524887, 19651198, 23154938, 23516401, 24012803, 25871611, 27594824, 30202725, 30599268, 32938634]",12
M   Kopp,1433,"[17874056, 18941764]",2
M   Kossowski,1434,"[32362565, 17259699, 25503643]",3
M   LÃ¡inez,1454,"[17956797, 22053947]",2
M   Mazzoli,1460,"[17956816, 18225608, 23197241]",3
A   BrandÃ£o,15,"[12401968, 17305275]",2
M   Raynal,1503,"[17259699, 25503643]",2
M   Riga,1509,"[27598848, 29967558, 17255885, 21609915, 24691512, 28355949]",6
M   Sadlier,1517,"[17451612, 28357966]",2
M   Seidman,1526,"[17691335, 18094653, 12856304, 18094653, 20625292, 25632027, 26204362, 32337360, 15040757, 30015361]",10
M   Smith,1528,"[30353795, 17308834]",2
M   Staal,1533,"[15891644, 17259751, 18941410, 17255884, 19816233, 20118438]",6
M   Struve,1536,"[17956810, 17956816, 15009157, 15208974]",4
M   SuckfÃ¼ll,1537,"[17487461, 17529847, 20015810, 21223542, 21751942, 27228021]",6
A   Scorpecci,154,"[17558507, 19842353]",2
M   Teranishi,1544,"[17904320, 23385385, 26557331]",3
M   Xie,1565,"[32714128, 18159769]",2
M   Ylikoski,1569,"[17573569, 23237096, 28084177]",3
N   Guevara,1596,"[17909826, 31868784, 32176124]",3
N   Muluk,1609,"[21302690, 16076414, 17459276, 18479630, 19442364, 19467720, 22824518]",7
N   Pfaffenberger,1621,"[17874056, 18941764]",2
N   Quaranta,1622,"[15357407, 17851950, 18174921]",3
O   OguztÃ¼rk,1655,"[12512898, 17459276, 18479630]",3
O   ZagÃ³lski,1660,"[15915925, 17260884, 24684405, 27576018, 29187006]",5
P   Davis,1688,"[17496674, 18561116, 18614554, 19102123]",4
P   Dijk,1692,"[19545617, 20430086, 24161276, 30269683, 30828631, 17956816, 18368576, 20922048, 20962699, 22347171, 22387429, 22446179, 22467284, 23223277, 23571300, 24631963, 24691510, 25329557, 25360130, 25822647, 26001407, 27080658, 27867121, 27911239, 28421030, 29375369, 30157212, 30739109, 31201186, 31841861, 31568135, 32938634, 32992290, 24012803, 25531170, 29398141, 32894830]",37
P   Falkai,1694,"[15309256, 17946967, 18303808]",3
A   Cacace,17,"[17956816, 22789414, 28931943, 12527130, 17956773, 18312892, 24212050, 24583078, 32337360]",9
P   Hanley,1701,"[17496674, 18561116, 18614554, 19102123]",4
A   Szczepek,173,"[19795102, 20811868, 22430181, 23292277, 25862619, 29350237, 29426995, 29484461, 30796499, 30806717, 30927014, 30927015, 17943261, 19173149, 22037929, 19222841, 19657182, 20948948, 21540584, 21898434, 22701404, 23439056, 25413891, 25445818, 25910505, 26560061, 26918795, 27250987, 27445776, 27594824, 28192822, 28333916, 28487670, 28499301, 28529479, 29889665, 32774565]",37
P   Oliveira,1738,"[19488564, 18359360, 19574947, 17684665, 20835541, 21739001]",6
A   Sztuka,175,"[17263252, 19560298]",2
P   Yeung,1763,"[15674964, 16259656, 17253520, 23076907]",4
Q   Jiang,1768,"[28687184, 18094653]",2
A   Toledano,177,"[12916476, 14992115, 17956803, 20044759, 17606035]",5
R   D'Amelio,1796,"[12420185, 15309256, 17946967, 18303808, 18836827, 22529921, 29209267]",7
R   Filipo,1802,"[17851950, 23025336, 24333887]",3
R   Goodey,1806,"[17956816, 17956788]",2
R   Johansson,1820,"[10908984, 17888810, 26086944, 28415897, 29188734, 27114881]",6
R   Klein,1823,"[20560859, 21309642, 12141389, 17479618, 22588269]",5
R   Laszig,1825,"[14968314, 17206402, 21068690]",3
A   Venosa,183,"[14763328, 15732523, 17260879, 20339697, 25773111, 29339026]",6
R   Lipman,1831,"[20067647, 17478212]",2
R   McArdle,1838,"[17956815, 22156949]",2
R   Mezzalira,1843,"[15379353, 17260883, 18229796, 23906823, 24626888, 25387539]",6
R   Mrena,1849,"[12006740, 17573569, 19925346]",3
R   Panford-Walsh,1854,"[17275194, 18524887, 23154938, 23516401, 25871611]",5
R   Perera,1857,"[17253549, 20824844]",2
A   Waddell,187,"[17253549, 20824844, 21726476, 22331367, 25328113]",5
S   Bae,1905,"[23053375, 23918695, 24296263, 24353860, 27161899, 25729489, 24162769, 17368031]",8
S   Belli,1909,"[17999075, 22285367]",2
S   Cook,1929,"[19454115, 21726476]",2
S   Erbek,1938,"[17647005, 17647005, 23899886]",3
S   Gogel,1950,"[17956807, 18519577, 20333263, 19842803, 19949236, 26649850, 19056922]",7
S   Hadjab,1958,"[17275194, 18524887]",2
S   Kim,1988,"[23580003, 30485375, 26317661, 27340987, 29360090, 24653899, 24953134, 30370238, 23781982, 24653894, 17945678, 27351198, 27381994, 24914798, 26020239, 26197352, 26745481, 27023015, 27525714, 27774600, 27979609, 26700250, 30256201, 30799211, 32784160, 24653921, 20072690, 25733998, 27626082, 26700250, 29360090]",31
S   Koehler,1992,"[24336728, 25392166, 26289461, 17956776, 22302808]",5
S   Lee,2001,"[27930870, 29314140, 17368031, 26197352, 27381994, 28826043, 30624401, 31079444, 31680845, 32955464, 28572760, 29487513, 30287741, 24983712, 22283490, 18312892, 20633385, 21331784, 23881235, 28698314, 23580003, 24953134, 29324903, 25319676, 15608399, 17945678, 24215217, 20072690, 31905965, 24653921, 23154938, 23516401, 25871611]",33
S   Li,2003,"[27838685, 22883005, 27349391, 27400113, 17313007, 23716673, 26312501, 30879191, 31925625, 28641038]",10
S   Rossi,2046,"[17314192, 20633385]",2
S   Sandridge,2050,"[17956815, 23440516, 26520582, 18277308, 21536826, 22353681, 24622862, 21451428, 22156949]",9
S   Shore,2059,"[19056923, 21620940, 21068300, 22666193, 24336728, 25392166, 26074307, 26289461, 26865628, 26868680, 29298868, 30217755, 30236972, 30471164, 31271756, 17956776, 22302808, 22434653]",18
S   Silver,2061,"[17956773, 18312892]",2
S   Stephens,2067,"[17451612, 24495275]",2
S   Woo,2096,"[17368031, 24953134]",2
T   Brusis,2119,"[14740299, 17203457, 17598707, 18288623, 19572238]",5
T   CrÃ¶nlein,2124,"[17956787, 26583109, 27020079]",3
T   Griffiths,2132,"[17888572, 25913402, 26538652, 27871729, 22975389]",5
T   Kertesz,2140,"[15674964, 16259656, 17253520, 23076907]",4
T   Menovsky,2163,"[17956802, 18225613, 23111293, 17952199, 19816597, 19911891, 20305490, 21235318, 22120273, 23607023]",10
T   Nakashima,2171,"[11981384, 17904320, 18421606, 23385385, 26557331]",5
T   Steffens,2192,"[16170508, 17956800, 17903575, 18359361, 20633385, 19130969, 19829970, 21511205, 22529949, 26583098, 28265258]",11
T   StÃ¶ver,2194,"[17943261, 19795102, 19222841, 19847455, 25480476, 32575139]",6
T   Tweed,2203,"[12141389, 17479618, 20560859, 21309642, 22588269]",5
T   Wiley,2209,"[12141389, 17479618, 20560859]",3
U   Ambrosetti,2217,"[17956798, 19372645, 21090162, 18722219, 19248952, 21070123, 29336133, 32773786]",8
U   Frick,2220,"[18066684, 19325894, 28265258]",3
U   Pirvola,2226,"[17573569, 23237096, 28084177]",3
U   Zimmermann,2228,"[17275194, 18524887, 19651198, 23154938, 23516401, 24012803, 25871611]",7
V   Kennedy,2237,"[17451612, 20371585, 26560061, 27855082, 29642913, 31029948, 32171314]",7
V   Vielsmeier,2253,"[20158510, 22909265, 17984924, 19205161, 19130969, 21511205, 21705788, 22032737, 22069382, 22383902, 22529949, 22723902, 23049821, 23229756, 23671468, 23982788, 24286640, 24498000, 24967106, 26557654, 26583098, 26667790, 28072813, 28265258, 28428769, 29515350, 30213235, 31439873]",28
W   Choi,2262,"[32955464, 17945678]",2
W   Delb,2264,"[12420185, 15309256, 26054729, 26190041, 17946967, 18002498, 18303808, 18836827, 19163873, 22529921, 22750224, 23326394, 25120934, 27995315, 29209267]",15
W   Gaggl,2265,"[18043428, 19964017]",2
W   Gawron,2266,"[17263252, 19560298]",2
X   Zeng,2335,"[26541270, 19484983, 19489274, 18159769, 23937008, 26248438, 26800229, 31139048, 24417170]",9
Y   Chang,2348,"[17368031, 17945678, 22283490, 24983712, 32784156]",5
Y   Chen,2349,"[30105255, 19514187, 29988458, 31133786, 31474821, 32644131, 30003226, 31490980, 26614386, 25379434, 25734018, 25789314, 25935516, 25962854, 26578894, 27458377, 28112466, 28286099, 28689008, 30122924, 30598879, 31866810, 32457569, 32653998, 28941768, 30474893, 32536854, 31396035, 18159769, 30616085, 30477911]",31
B   Klein,237,"[12141389, 17479618, 20560859, 21309642, 22588269, 19675959]",6
Y   Kim,2376,"[29314140, 31575925, 22283490, 32242342, 29406247, 17368031, 31680845, 26197352, 25476777, 26154998, 22886845, 24782947, 27774600, 28943052, 29094364, 29433160, 29631390, 29706416, 31079444, 32955464, 32242342, 29728692, 28262542, 26771015, 32955464]",25
Y   Kinouchi,2377,"[17945908, 18002479, 19162655, 19963506, 24111098]",5
Y   Li,2380,"[29775031, 26541270, 26121832, 26596001, 23550183, 30806130, 18159769, 26248438, 18159769, 19484983, 19489274, 32315198, 23996777, 29997192, 25344063]",15
Y   Low,2385,"[29336902, 17946967, 18002498, 18303808, 18836827, 19163872, 19163873]",7
Y   Oron,2389,"[17956783, 21413845, 21970850, 25620408, 25726282, 30213235, 30541733]",7
B   Kopell,239,"[18043428, 19964017, 24888372]",3
Y   Zhang,2423,"[29071898, 30159629, 21207680, 30474893, 32269506, 20518292, 17313007, 23259261, 31163188, 21057850]",10
A   Crocetti,25,"[17956816, 19372645, 21090162, 19248952, 21070123, 21592701, 32773786]",7
B   Olzowy,256,"[17487461, 17529847, 20015810]",3
B   Paki,258,"[17496674, 19102123]",2
A   Danesh,27,"[17945908, 18002479, 19162655, 19963506, 23810454, 24111098, 26243502, 30272507, 30446035, 31749641]",10
C   Dall'Igna,305,"[17308834, 27413408]",2
C   Newman,374,"[17956815, 18277308, 21451428, 21536826, 22053947, 22156949, 22353681, 24622862, 25273878, 25274374]",10
C   Oliveira,377,"[14763328, 15723941, 15732523, 17245070, 17260879, 18359362, 18559734, 25773111, 20339697, 30296843, 23314160, 24333893, 27186933, 28422030, 29339026, 26424781, 25992175, 29339029]",18
A   Elgoyhen,38,"[24477090, 19931642, 22291622, 17984924, 21502503, 22302057, 23597755, 24422941, 28983279, 30044727, 19712015, 22149000, 23121658, 24498000, 26373470, 23049821]",16
C   Rocha,391,"[17956784, 18075244, 21808880, 23306563, 30213235]",5
C   Stevens,404,"[16533080, 17487668]",2
C   Trenado,410,"[19135086, 17946967, 18002498, 19163204, 19963813]",5
C   Zhang,424,"[25904892, 26081078, 30879191, 17585665]",4
D   Esposti,448,"[17709211, 18951725]",2
D   Friedland,452,"[18043428, 19964017]",2
D   Nondahl,492,"[12141389, 17479618, 20560859, 21309642, 22588269]",5
A   Gehringer,50,"[19056922, 20333263, 17956807, 18519577, 19842803, 19949236]",6
D   Strauss,514,"[19135086, 23367193, 25571287, 17946967, 18002498, 18303808, 18836827, 19163204, 19163872, 19163873, 19963813, 26736670, 31037231]",13
D   Yoo,535,"[17945678, 22200123]",2
E   Cosentino,548,"[17709211, 21711572]",2
E   Diesch,551,"[17956810, 20152886, 15009157, 15208974, 19168138, 20114077, 22470322, 22661932]",8
E   Frank,556,"[20158510, 22909265, 18066684, 20633385, 19130969, 21511205, 21808984, 22032737, 22302057, 22383902, 22688213, 23435735, 24409317, 24422941, 24898574, 26583109, 26583152, 28807845]",18
E   Loo,586,"[20374277, 21563554, 21889914, 17952199, 17956805, 19816597, 19911891, 20186404, 20305490, 20417285, 21048975, 22782482]",12
A   Gungor,61,"[17625032, 17320776]",2
E   Spitznagel,615,"[25676150, 21422304, 23599075, 17438255, 28114646]",5
A   Hahn,63,"[11677752, 14763235, 17691666, 18616089, 29855986, 30155772]",6
F   Albers,632,"[15891644, 17259751, 18941410, 17255884, 19816233, 20118438]",6
F   Bahmad,633,"[14763328, 24333893, 29339029, 30296843, 15723941, 17260879]",6
F   Corona-Strauss,642,"[18002498, 19163873, 26736670, 31037231]",4
F   Hernandez,658,"[16274808, 17606035]",2
F   Husain,659,"[17956777, 21047501, 22066003, 23800808, 23876286, 23895873, 24098513, 24769166, 25906172, 25998540, 26246914, 26415997, 26675290, 28794980, 29158175, 29181615, 29664725, 30554504, 30793074, 31022364, 31396035, 32334872]",22
G   Ferrari,708,"[25413777, 17684658]",2
A   Holm,71,"[15891644, 17259751, 28415897, 29188734]",4
G   Paludetti,744,"[24882929, 17558507, 19842353, 20502380, 28452717]",5
G   Searchfield,758,"[25863140, 26020589, 26306658, 26406286, 17956809, 20500032, 22707935, 23032310, 23126317, 23404467, 23859059, 24131610, 24213961, 24622861, 25285987, 25566177, 25670225, 26180052, 26817495, 26910854, 27915580, 28027920, 28418323, 28491033, 29806782, 29863467, 29933259, 29988009, 30461417, 31126569, 31519289, 32175932, 32769434, 32938634, 21224266, 22156949, 22789414, 26645752, 27387463]",39
G   Stoler,765,"[17260883, 23906823, 24626888, 25387539]",4
H   Abrams,782,"[17956815, 25211767, 22156949]",3
H   Bartels,785,"[17259751, 18368576, 18941410, 17255884, 19816233, 20118438]",6
H   Belli,786,"[17999075, 22285367]",2
H   Coors,799,"[18717457, 17984924]",2
H   Flor,804,"[17956810, 17956816, 20152886, 15009157, 15208974, 19168138, 20114077, 22789414]",8
H   Ji,824,"[19056922, 19842803, 19949236, 22609540, 23598691, 24811293, 26649850, 27564443, 27681261, 17956814, 26001407, 30938560, 31210635, 31580805]",14
H   Larsen,839,"[11177034, 19027431, 23432207, 12800295, 15024862, 15903144, 16379495, 17662757]",8
H   Li,842,"[30915704, 17313007, 27192902]",3
H   Nagashino,856,"[17945908, 18002479, 19162655, 19963506, 24111098]",5
H   Schulze,872,"[17275194, 25758066, 30707242, 23056180, 25028612, 25713557, 27315063, 28082861, 28232817, 32938634]",10
H   Stadtlaender,879,"[18717457, 17984924]",2
I   Cantore,908,"[17558507, 19842353]",2
I   KÃ¶pschall,916,"[17275194, 18524887, 23154938]",3
I   Peroz,926,"[11593771, 12904875, 17764004, 26054729, 27995315]",5
J   Carrier,956,"[17804979, 20561177]",2
J   Daugherty,970,"[17901788, 21451428]",2
J   Dvorakova,975,"[18066684, 20424590]",2
J   Gross,986,"[17943261, 19795102, 20811868, 17210337, 19222841]",5
J   Olszewski,1056,"[11137361, 18552023, 18552045, 18637426, 19004266, 20564895, 22682958, 24337877, 29628872]",9
J   Pineda,1066,"[11930157, 18616082]",2
J   Puel,1067,"[18225604, 12162101, 14763234, 12736364, 15224865, 16307611, 17147043, 17956778, 30995887]",9
J   Rothwell,1075,"[18202212, 18662621, 19175380, 20236173]",4
J   Rubinstein,1077,"[20333263, 12806303]",2
A   Maudoux,108,"[18225612, 22579727, 22574141, 26412095, 31152296]",5
K   Demeester,1155,"[18225607, 18225608]",2
K   Greimel,1171,"[14689647, 12627251, 28271241, 10888343, 15106289, 18616090]",6
K   Heinecke,1174,"[18193350, 18600443, 19045972, 19079954, 19623511]",5
K   Heyndrickx,1175,"[18225610, 19937045]",2
K   Kitamura,1189,"[18368566, 20437765]",2
K   Vermeire,1230,"[18225603, 18225610, 18817861, 18834065, 19005250, 21756468, 22931903]",7
L   Laer,1267,"[18225607, 18225608]",2
L   Ward,1303,"[18712566, 19638478]",2
M   Ahmed,1314,"[18202212, 18662621, 20389124]",3
M   Baumann,1330,"[18712566, 19638478]",2
M   Berglund,1335,"[30284250, 19031227]",2
M   Buhrman,1339,"[19027431, 23432207]",2
M   Bussi,1341,"[18843180, 25753907, 27197727]",3
M   Havia,1392,"[11893444, 18522937]",2
M   Jensen,1410,"[18225608, 32370767]",2
M   Koller,1430,"[18412944, 20682024, 21493265, 22781703, 22789414, 23049821, 23078754, 24422941, 24498000, 28807845]",10
M   Lin,1451,"[18194902, 25573837]",2
M   Mielczarek,1469,"[18552045, 19004266, 22682958, 24337877, 25910505, 27250987, 29375369, 29628872, 30871820]",9
A   Sampaio,148,"[18359362, 18559734, 25992175, 27186933, 23314160, 26424781, 28422030, 29339026]",8
M   Raimondi,1500,"[18951725, 19447564, 20207491]",3
O   Kapkin,1649,"[12970589, 18401195]",2
O   Maudonnet,1652,"[15379353, 18229796]",2
O   Meeus,1653,"[19670596, 18225603, 18228680, 21563554, 19623097, 19937045, 21358561]",7
A   Sismanis,166,"[10993458, 11898561, 12856306, 15474106, 18818546, 22552697]",6
P   Dawes,1689,"[18596645, 21049852, 25766493, 24360142, 25503070, 27438865, 31747526, 31356390]",8
P   Lefebvre,1718,"[18225602, 18225612, 22579727, 22574141]",4
P   Myers,1733,"[18628281, 18664499, 19265252, 22156949, 23341277, 25144174, 29847413, 28418492]",8
P   Nopp,1737,"[18817861, 18834065]",2
P   Tao,1756,"[19056922, 27681261]",2
P   Zorowka,1765,"[12548458, 18437865, 26356381]",3
R   Bezerra,1787,"[18559734, 18359362]",2
R   Granjeiro,1807,"[18359362, 18559734, 23314160, 26424781, 27186933, 30296843, 25992175]",7
R   Simmons,1874,"[18948211, 19183705]",2
S   Chang,1922,"[20333263, 22886845, 25756459]",3
S   Costanzo,1930,"[19372645, 21090162, 18722219]",3
S   Dehmel,1933,"[19056923, 22302808, 22666193]",3
S   Forti,1944,"[19372645, 21090162, 18722219, 19248952, 21070123, 21592701, 27372169]",7
S   Hayes,1964,"[24843217, 22728305, 23933328, 25278931, 32783988, 18926522, 19268281]",7
S   Kowalska,1997,"[11828843, 12701536, 18637426]",3
A   Adoga,2,"[18390143, 18390143, 27186929]",3
S   Lund,2005,"[18307090, 27987033]",2
B   Borawska,207,"[15732834, 18837228]",2
S   Yetiser,2103,"[12353609, 12393036, 18229794, 18401195]",4
T   Akcam,2113,"[12393036, 18229794]",2
T   Chen,2121,"[32644131, 18561342]",2
T   Pan,2179,"[20333263, 19842803, 19949236, 26649850]",4
T   Tan,2198,"[29336902, 23605244, 18561342, 21139908]",4
T   Tzounopoulos,2204,"[18978197, 21502491, 22586378, 23716673, 26063916, 26312501, 30825037]",7
U   Gieler,2222,"[19096811, 20814660, 24549511]",3
V   Almeida,2229,"[18359362, 18559734]",2
V   Topsakal,2252,"[18225607, 18225608, 31370873, 26255618, 27697874, 30019630, 30314506, 30978269, 31498295, 31498298, 31514042, 31821261, 32150992, 32477049, 33013517]",15
V   Westin,2256,"[18926522, 19012118, 19012119, 19268281, 19778399, 21237544, 21864830, 22250855, 23627873, 23881309, 27114881]",11
W   Konopka,2281,"[11137361, 18552045, 19004266, 22682958]",4
W   Rief,2292,"[16204446, 18193350, 18600443, 19045972, 19079954, 19623511, 21414459]",7
W   Singer,2297,"[17275194, 18524887, 23154938, 23516401, 25871611, 32938634]",6
Y   Ariizumi,2340,"[20437765, 18368566]",2
Y   Cui,2354,"[19056923, 26911067]",2
Y   Eberl,2359,"[18412944, 20682024]",2
Y   Lin,2382,"[31683074, 19514187, 21865723, 18561342, 22703231]",5
Y   Wu,2414,"[30742012, 24030039, 32644131, 32973991, 31866810, 18626105]",6
B   Laan,242,"[18941410, 19816233, 27867121, 29398141]",4
B   Middel,250,"[18941410, 19816233, 20118438]",3
B   Moore,252,"[18980672, 19380508, 20103482, 21221046, 27195947, 28277857, 28622055, 28625091, 28810267, 29209701, 29415588, 29488875, 29688102, 29988010, 30242355, 30446035, 30628492, 30892162, 31044691, 31287055, 31770010, 33000663, 31749641]",23
B   Satar,266,"[12393036, 18229794, 18401195, 12970589]",4
C   Blaivie,285,"[18225603, 18228680, 19623097]",3
C   Brandolini,288,"[24790243, 16624499, 17709211, 18951725, 19447564, 21711572]",6
C   Claussen,299,"[14689620, 20420344, 15379359, 16639912, 18229789]",5
C   Desloovere,311,"[18225611, 29461742]",2
C   Krick,346,"[18566786, 20809193, 25745385]",3
C   Lanting,349,"[18368576, 19545617, 20430086, 25329557, 27080658, 20922048]",6
C   Lee,352,"[23440516, 30370238, 25573837, 20346181, 18194902]",5
A   El-Atar,37,"[18202212, 19175380, 20236173]",3
C   Weise,417,"[16204446, 18193350, 18600443, 19045972, 19079954, 19623511, 21237544, 21414459, 22413736, 23199238, 23301660, 23627873, 23777191, 24970708, 25582803, 25031187, 25906171, 26867083, 30135798, 29383953, 29873278, 32370767]",22
A   Fabijanska,42,"[11318464, 11318470, 11603778, 21804828, 15732834, 18837228, 19681492, 21735665, 23036120, 23197241, 23719272]",11
D   DÃ¶lberg,445,"[12596030, 18551261]",2
D   Raj-Koziak,498,"[21804828, 31383447, 15732834, 18837228, 19681492, 21735665, 23036120, 23197241, 23719272, 26104480, 28537137, 29130955, 29936625, 30382881, 30400989, 30439712, 30540695]",17
D   Stephens,511,"[11766693, 18225608, 21851581, 12154811, 22093767]",5
D   Wack,526,"[11222790, 18948211, 12204348, 22021023]",4
D   Welch,529,"[18596645, 21049852, 23126317, 26180052, 26910854]",5
E   Graf,563,"[18412944, 28807845]",2
E   Kentala,575,"[11893444, 18522937, 21851581, 22093767, 25296967]",5
E   Khedr,576,"[18202212, 18662621, 19175380, 20236173, 20633385, 22789414, 20389124]",7
E   Kleine,578,"[19545617, 20430086, 24161276, 18368576, 20962699, 22347171, 22387429, 22446179, 22467284, 23223277, 23571300, 24631963, 24691510, 25329557, 28421030, 29375369, 31841861, 32894830]",18
E   Nam,600,"[19785926, 17956783, 15949097, 18632767, 20360168, 20881196, 22626945, 23580003, 23881235, 28224644, 28423381, 30206673, 30213235, 30485375, 31295199, 29879090]",16
E   Oestreicher,603,"[16280464, 18524887]",2
A   Hatanaka,66,"[18368566, 20437765]",2
G   Bartnik,692,"[11318464, 11318470, 11603778, 21804828, 23245492, 15732834, 18837228, 19681492, 21735665, 23036120, 23197241]",11
G   Camp,698,"[18225607, 18225608, 23224734]",3
G   Ferri,709,"[18951725, 19447564, 20207491]",3
H   Aazh,781,"[18980672, 19380508, 21940981, 27195947, 28277857, 28622055, 28625091, 28810267, 29209701, 29415588, 29488875, 29688102, 29988010, 30242355, 30272507, 30403955, 30446035, 30628492, 31044691, 31287055, 31749641, 31770010, 33000663]",23
H   Bolay,789,"[17082957, 18566786, 20809193, 25224125, 23936599, 19163872, 22993646, 23906825, 25126681, 25745385]",10
H   Dere,800,"[32710180, 18614307]",2
H   Geisler,806,"[18524887, 23154938]",2
H   Kehrle,831,"[18359362, 18559734, 23314160, 26424781]",4
H   Kolstad,835,"[18307090, 27987033]",2
H   Seidler,873,"[26054729, 18836827, 26736670, 27995315, 31037231]",5
H   Skarzynski,876,"[11603778, 21804828, 31383447, 18837228, 21709642, 21735665, 23036120, 23197241, 23719272, 26104480, 26459345, 28097918, 28537137, 29130955, 29936625, 30382881, 30400989, 30439712, 30540695, 30895434, 31083076, 31315120, 31418718, 32103322, 32756593, 32841249]",26
I   Dhooge,912,"[18225608, 26584711, 28874221, 21493268, 22193871, 22576249, 31433704, 31524324, 32490603]",9
J   Bonde,947,"[18307090, 27987033]",2
J   Graul,985,"[15502893, 18616090]",2
J   Hendrickx,992,"[18225607, 18225608]",2
J   Huyghe,999,"[18225608, 18225608]",2
J   Jeng,1003,"[19453828, 26614386]",2
J   Lim,1030,"[20730394, 31317196, 19513328]",3
J   Lu,1033,"[19122834, 32892305]",2
J   Malouff,1036,"[19925329, 20159209, 21080115]",3
J   Marques,1038,"[19205168, 19488554, 25773106, 27488989, 27488994]",5
J   McQuaid,1042,"[15106282, 19205162]",2
A   Madsen,105,"[14689651, 19205160]",2
J   Ost,1057,"[20374277, 21563554, 19623097, 20186404, 27761741, 29888315]",6
J   Shi,1088,"[21207680, 21155246, 19377822]",3
J   Ylikoski,1128,"[26685859, 12006740, 17573569, 19860089, 19925346, 23237096, 25437140, 28084177]",8
K   Bailey,1138,"[15106282, 16314604, 19205162]",3
K   Brantberg,1141,"[19778910, 25572633]",2
K   Doi,1157,"[19958810, 16189467, 19437168, 20434804, 30538615]",5
K   Ogawa,1211,"[19851065, 20971587, 21495790, 22062400, 22281446, 22331257, 23320814, 24720159, 26181225, 28841656, 28906162, 29210942, 30534194, 30700182, 31606294, 32128439, 32145748, 32613523, 32747715]",19
L   Anteunis,1240,"[19210767, 21221004, 21336139, 22633033, 23411656, 24829038]",6
A   Paglialonga,125,"[21729434, 19879078, 20558020]",3
L   Fernandes,1250,"[19649493, 23824442]",2
L   Haab,1255,"[19135086, 23367193, 25571287, 19163204, 19963813, 26736670, 31037231]",7
L   Ling,1272,"[19699270, 22405692, 26109660]",3
L   Mei,1278,"[24704997, 19961770, 25636249, 25966560]",4
A   Pandey,128,"[28858988, 20420344]",2
L   Pignataro,1282,"[19372645, 21090162]",2
L   Steinmetz,1293,"[19205168, 19488554]",2
L   Tsai,1301,"[19453828, 26614386]",2
L   Wang,1302,"[19514187, 23176350, 23983802, 28057352, 30665710, 30957552, 25464808, 31845226]",8
M   Adli,1311,"[19795102, 20811868]",2
M   Andermann,1320,"[20152886, 19168138, 20114077, 22661932]",4
M   Cohen,1354,"[19813474, 32408784]",2
M   Congedo,1355,"[21889914, 19816597, 20417285, 21998628]",4
A   Poliandri,136,"[19589291, 20111618]",2
M   Deniz,1361,"[19924014, 21638120]",2
M   Faralli,1370,"[19543742, 24777173]",2
M   Guitton,1387,"[14763234, 12736364, 15224865, 16307611, 17956778, 18301716, 19686882, 22408611, 23762623]",9
M   Happich,1390,"[15919164, 19911443]",2
A   Refaie,140,"[15515640, 19210767, 21154366, 21940981, 22633033, 23152235, 24622861, 24829038, 27146036, 30589445, 32266580, 32787604]",12
M   Jalali,1405,"[19865063, 25938079, 25968009]",3
M   Joore,1411,"[21221004, 21336139, 22633033, 23411656, 24829038, 19210767]",6
M   Kii,1423,"[19614962, 26278558, 25885191, 29339026, 14763237]",5
A   Rupp,144,"[20152886, 15009157, 20114077, 22470322, 22661932, 19168138]",6
M   Li,1448,"[29429190, 23213750, 23285949, 26054142, 26481177, 19961771, 23141438, 23141439, 23285963, 23379118, 27192902, 29541537]",12
M   Okamoto,1484,"[19848238, 20501961]",2
M   Plazier,1497,"[20374277, 21563554, 19816597, 19911891, 20186404, 20305490, 20417285, 20505927, 21048975, 21429905, 22120273, 22782482]",12
M   Rogowski,1510,"[10822971, 11318464, 11318470, 11603778, 15603394, 15732834, 19681492]",7
M   Sereda,1527,"[19364527, 21388238, 22791191, 23571301, 23639335, 24482186, 25215617, 25470623, 25587668, 25799178, 26557658, 27009548, 27146036, 27403346, 27885869, 29189522, 30589445, 30672739, 30871820, 31361173, 32231789]",21
M   Tong,1548,"[19673977, 19842811, 28918676]",3
M   Turbin,1551,"[19265252, 21960147]",2
M   Vernet,1552,"[19926416, 20676372, 21647364, 23550269]",4
N   Bhullar,1577,"[19925329, 20159209]",2
N   MÃ¼ller,1610,"[19429040, 20592125, 23008160, 23390539, 23700271]",5
N   Oishi,1613,"[19851065, 20971587, 21495790, 22331257, 24720159, 26181225, 28841656, 28906162, 29210942, 30534194, 30700182, 32128439, 32145748, 32613523]",14
N   Padgham,1615,"[19735344, 21199815]",2
N   Schutte,1623,"[19925329, 20159209, 21080115]",3
P   Adjamian,1662,"[19364527, 21388238, 22791191, 23571301, 23639335, 24892904, 25431567, 25799178, 26665004, 27403346, 27708577]",11
P   Chan,1677,"[19673977, 19842811, 28918676]",3
P   Giovanni,1699,"[19589291, 20111618]",2
A   Stefano,170,"[19589291, 20111618]",2
P   Li,1719,"[26541270, 19489274, 26248438, 29745495]",4
P   Ravazzani,1748,"[21729434, 19879078, 20558020, 21595527, 22298345]",5
P   Wu,1762,"[26911067, 19514187]",2
Q   Zhang,1775,"[19160857, 26938213, 33019447]",3
R   Ali,1777,"[19129979, 30015361]",2
R   Cima,1793,"[29713758, 19210767, 31912887, 21221004, 21336139, 21399500, 22633033, 23411656, 23777191, 24622860, 24829038, 27250987, 27594824, 29133012, 29375369, 30998546, 31969359]",17
R   Guo,1810,"[19377822, 21207680, 21155246]",3
R   Soleimani,1875,"[19865063, 25938079, 25968009]",3
A   Warnecke,189,"[19847455, 25480476, 32938634]",3
S   Braun,1913,"[14508632, 19413945]",2
S   Connor,1928,"[19185662, 28705815]",2
S   Gallego,1947,"[19409969, 29708062]",2
S   Gong,1952,"[31852197, 24360038, 19489274, 22941756, 24032538, 26020395, 27736970, 23550183, 23601773, 24731461, 27413554, 27776655, 28188881, 28941768, 29764198, 30946875, 31663989, 31900891, 32880675]",19
S   Haller,1960,"[19760238, 28154796]",2
S   Kanzaki,1986,"[19851065, 20971587, 21495790, 22281446, 22331257, 23320814, 24720159, 28841656, 31606294, 32747715]",10
S   Pedersen,2036,"[19816233, 20118438]",2
S   Qian,2040,"[21155246, 19377822]",2
S   Savolainen,2052,"[12006740, 19925346]",2
S   Shinden,2058,"[19851065, 20971587, 21495790, 22331257, 23320814, 24720159, 28906162, 32145748, 32613523]",9
S   Vanneste,2085,"[20374277, 21208381, 21563554, 21889914, 21920411, 23111293, 24477090, 26342399, 29773153, 31152296, 19816597, 19911891, 20186404, 20305490, 20417285, 20505927, 21048975, 21235318, 21429905, 21437634, 21710223, 21790807, 21848924, 21998628, 22019079, 22032739, 22120273, 22291622, 22348053, 22392014, 22494273, 22509155, 22541838, 22586375, 22658239, 22782482, 22782483, 22789414, 22808188, 22853891, 22917883, 23049821, 23055986, 23104014, 23110786, 23133339, 23314693, 23415838, 23415916, 23533644, 23597755, 23607023, 23609486, 23732881, 24135769, 24255953, 24391599, 24422941, 24498000, 24558383, 24812586, 25097788, 25129400, 25587455, 25611454, 25689839, 25694243, 25703225, 25781934, 25875099, 26106362, 26314996, 26373470, 26467416, 26477359, 26708013, 27381994, 27489534, 27509900, 27761741, 28572760, 28826043, 28931943, 29074518, 29127483, 29230011, 29888315, 29487513, 29844532, 30142355, 30998951, 31573942, 31680845, 32154627, 32457569, 32681139]",96
S   Wang,2089,"[30738400, 31553940, 19484983, 18159769]",4
A   Cheung,21,"[19673977, 19842811]",2
S   Yeh,2101,"[19453828, 26614386, 26377924]",3
S   Zhang,2110,"[19514187, 25872506, 31367617, 31139048]",4
T   Cope,2122,"[19205165, 21221046]",2
T   Kawashima,2138,"[19958810, 16189467, 19437168]",3
T   Kim,2141,"[26413577, 23151834, 26413574, 26620396, 27716604, 28423381, 19513328]",7
T   Kitahara,2143,"[19958810, 19437168, 22840319, 30538615, 32376070]",5
T   Koizumi,2147,"[19848238, 24530434]",2
T   Lenarz,2154,"[11270201, 15042481, 19847455, 20729788, 23267375, 23810454, 24995901, 25480476, 25879244]",9
T   Morata,2167,"[19488554, 19205168]",2
T   Nishimura,2173,"[19848238, 24530434, 16189467]",3
T   Schrom,2189,"[19173149, 23706306]",2
T   Wong,2210,"[19673977, 19842811]",2
B   Han,226,"[25966557, 19513328]",2
W   Luxford,2283,"[21451428, 20420343]",2
W   Nardo,2289,"[17558507, 19842353]",2
W   Reith,2291,"[19135086, 25745385]",2
W   She,2295,"[19160857, 19478715]",2
X   Cui,2316,"[25966560, 19160857, 19478715]",3
X   Du,2317,"[19160857, 19478715]",2
X   Kong,2324,"[19266814, 22468196]",2
Y   Bayazit,2344,"[19924014, 32966989, 28816700]",3
Y   Chan,2347,"[21507564, 24635935, 24463830, 21271589, 21477330, 23533584, 26277928, 27590453, 27658122, 19833060]",10
Y   Dai,2355,"[19160857, 19478715, 24360039]",3
Y   Feng,2361,"[30159629, 30742012, 26430749, 19961770, 22070079, 25966560, 25789314, 27458377, 28112466, 30598879, 31866810]",11
Y   Inoue,2368,"[19851065, 20971587, 21495790, 22331257, 23320814]",5
A   Croce,24,"[19589291, 20111618]",2
Y   Wang,2413,"[31163188, 30474893, 23865332, 30159629, 30665710, 30957552, 19377822, 21155246, 20224494, 23379118, 27352493, 29541537, 32461976, 23550183, 26481177, 26401669, 29745495]",17
Y   Xu,2417,"[26314274, 26831120, 31042571, 19894492, 19894493, 26248440, 28925013]",7
Z   Kapoula,2432,"[19926416, 20676372, 21647364, 23550269]",4
Z   Li,2433,"[26541270, 29541537, 32161526, 19484983, 31920484, 23937008, 26248438, 26800229, 31139048, 25906563]",10
Z   Tong,2442,"[32714128, 19377822, 21155246]",3
B   Nageris,253,"[16285464, 20015738]",2
B   Zeigelboim,276,"[19205168, 19488554, 27488990, 27488992]",4
C   Arfeller,279,"[22539568, 19407732, 19698089]",3
C   Baffa,280,"[19589291, 20111618]",2
C   Formby,319,"[11200194, 19681492, 23571304, 25319676, 25319676, 29792074, 31120533, 31425658, 32703244]",9
C   Hamilton,328,"[27310062, 29074518, 31573942, 19675959]",4
C   Hasselt,331,"[19673977, 11269217]",2
C   SchÃ¶nfeldt-Lecuona,399,"[19776563, 28807845]",2
C   Stocking,407,"[25026936, 28931943, 19183705]",3
D   Austin,428,"[19675959, 27315442, 21674401]",3
D   Ayache,429,"[19813474, 12544028]",2
D   Brehmer,436,"[19859670, 21739368]",2
D   Cuda,443,"[31097829, 19205171]",2
D   Hall,460,"[24200464, 27600656, 19364527, 20668974, 21087449, 21177640, 21388238, 21671234, 21707872, 21733188, 22053947, 22476724, 22788751, 22791191, 23571301, 23639335, 23842505, 24892904, 25215617, 25339938, 25470623, 25478690, 25470370, 25587668, 25799178, 25910505, 25996779, 26415998, 26523370, 26560061, 26584760, 27250987, 27541331, 27560491, 27708577, 27768195, 27855082, 27885869, 28425615, 28515957, 28835261, 28841725, 29074518, 29076393, 29129348, 29375369, 28930785, 29466545, 29490515, 30213235, 30488765, 30589445, 30626571, 30803389, 30853349, 30871820, 30908589, 30939361, 31573942, 32032227, 32231789, 32678998, 32840860, 29642913, 31909716, 23827090, 24482186, 27246985]",68
D   Scheyen,506,"[22633033, 19210767]",2
D   Yang,533,"[23141440, 19894492, 23937006]",3
E   Leung,584,"[19673977, 19842811, 28918676]",3
E   Molini,597,"[19543742, 24777173]",2
E   Porsov,608,"[19882495, 23934876]",2
F   Chen,640,"[31934968, 32787604, 19160857, 19478715]",4
F   Gerhards,654,"[10888343, 15138649, 19859670, 21739368]",4
G   Kulamarva,723,"[19589291, 20111618]",2
A   Horii,73,"[19958810, 19437168]",2
G   Neri,743,"[19589291, 20111618]",2
A   Huber,75,"[19696973, 29375369, 31060475]",3
G   Ricci,752,"[19543742, 24777173, 30261653]",3
G   Silaski,763,"[19882495, 23934876]",2
G   Tognola,768,"[21729434, 19879078, 20558020, 21595527]",4
G   Zhang,779,"[26541270, 19894493]",2
H   Hesser,817,"[19268281, 19842804, 19929119, 21237544, 21414459, 21864830, 22250855, 23301660, 23627873, 23675540, 23777191, 23881309, 24297760, 25665072]",14
H   Inohara,822,"[19958810, 22840319]",2
A   Kam,84,"[19673977, 19842811, 28918676]",3
A   Koch,86,"[19413945, 21646935]",2
H   Saito,867,"[19851065, 20501961, 20971587, 21495790, 22331257, 23320814, 23384472, 28906162]",8
H   Song,878,"[21155246, 19377822, 22283490]",3
H   Wang,886,"[11780365, 12768729, 12768750, 19699270, 19514187, 23865332, 32973991, 26481177, 21527325, 12509907, 12725179, 26248443, 25966557, 31058599, 23103152, 26428287, 26430749, 30742012, 26377924]",19
H   Wu,890,"[24704997, 30806130, 24800534, 25636249, 26428287, 26430749, 19283848, 31683074]",8
H   Yilmaz,895,"[19640315, 24379749]",2
A   Lacerda,90,"[19488554, 19205168, 25773106, 27488990, 27488994]",5
H   Zhang,901,"[19961770, 28984171, 30598879, 31607851, 25966560, 27835697]",6
H   Zhou,903,"[19894492, 19894493, 23937006, 23937007, 26248440]",5
I   Lorenz,917,"[19429040, 19930625, 20592125, 23390539, 23700271]",5
I   Maes,919,"[21221004, 21336139, 23411656, 24829038, 22633033, 19210767]",6
J   Cen,959,"[26541270, 19484983, 26248438, 26800229, 31139048]",5
J   Huang,998,"[26054142, 19961771]",2
J   Hwang,1000,"[27132067, 20581691, 21271589, 21477330, 23533584, 26277928, 27590453, 27631630, 27658122, 27666578, 28723598, 29095920, 29190632, 30003226, 31471428, 31490980, 32249815, 32291135]",18
J   Kim,1013,"[29176873, 29324903, 29101995, 15608399, 29684301, 31575925, 22283490, 32126747, 20581691, 25466808, 22805113, 23620150, 26154843, 28068305, 28471721, 31830753, 30690946, 23781982, 24653894, 29649793]",20
J   Lan,1020,"[24800536, 20669657]",2
A   MacÃ­as,104,"[20880513, 25997672, 29929187]",3
A   Martini,107,"[20580171, 27186932, 29486316]",3
J   Song,1098,"[28385885, 22853891, 22917883, 23133339, 23415838, 23415916, 23609486, 23732881, 24135769, 26197352, 26745481, 27023015, 27351198, 27381994, 27525714, 27812001, 28572760, 28826043, 28878303, 29487513, 30624401, 31680845, 31821261, 32292383, 32457569, 24653912, 20581691, 25875099, 23918695, 32126747]",30
K   Caperton,1144,"[21192277, 21225801]",2
K   Ehrenberger,1159,"[16419686, 20573849]",2
K   Park,1213,"[21054911, 29324903, 21331784, 21922976, 23053375, 23918695, 24162769, 24953134, 28572760, 29487513, 26121026, 25476777, 22886845]",13
K   Reavis,1219,"[20701838, 22526737, 31022360, 32362561]",4
K   Tambs,1225,"[20157066, 20708451, 22267709, 26540147]",4
K   Wang,1231,"[22468196, 23285949, 21130361, 32684922, 26210316]",5
L   Chen,1243,"[32772848, 29190572, 20518292, 22607819, 23071681, 25170565, 25668125, 30915704, 20669657, 23833989, 25752112]",11
L   Citraro,1245,"[19589291, 20111618]",2
L   Collins,1247,"[21087449, 21733188]",2
L   Geven,1253,"[24161276, 20962699, 22387429, 24691510]",4
L   Holdefer,1259,"[20339697, 25773111]",2
L   Stiles,1294,"[21352899, 20630477, 23015804, 25162023]",4
M   Ahmadizadeh,1313,"[20068582, 23267375]",2
A   Patel,132,"[22249877, 19190447]",2
M   Cacchio,1342,"[20657537, 22108483, 24988090]",3
M   Cesarone,1348,"[20657537, 22108483]",2
M   Decat,1358,"[10993550, 20163050, 24793493, 25420904, 29159044]",5
M   Dugall,1365,"[20657537, 22108483, 24988090]",3
M   Gersdorff,1381,"[10993550, 20163050]",2
M   Grossi,1386,"[20657537, 22108483]",2
M   Karpa,1418,"[20123163, 20124901]",2
M   Kaur,1419,"[23374487, 20500032]",2
A   Samelli,147,"[20098946, 21103715, 25029581, 26358094, 27074186]",5
M   Mohr,1472,"[20682024, 23049821]",2
M   MÃ¼hlau,1476,"[16280464, 20620868]",2
M   Paolino,1490,"[21035629, 29708062, 31588855]",3
M   Ralli,1501,"[24843217, 24882929, 32767320, 20502380, 28099967, 28553764, 28885581, 29161302, 29336129, 30102717, 30261653]",11
M   Rates,1502,"[21493265, 24422941, 20835541, 25303817, 29339026, 23049821, 24498000]",7
M   Rouzbahani,1513,"[24744996, 22249867]",2
M   Rovers,1514,"[20647116, 21735419]",2
M   Theodoulou,1545,"[17253549, 20824844]",2
A   Scotti,155,"[21090162, 12115078]",2
M   Wieringa,1561,"[21609917, 27488988]",2
M   Zhang,1571,"[20138209, 23937007]",2
N   Deggouj,1587,"[20163050, 24793493, 25420904, 25763867, 29159044]",5
N   Kim,1601,"[21922976, 20346181]",2
N   Krog,1602,"[20708451, 22267709]",2
N   NA,1611,"[12212009, 28091161, 23406991, 25830317, 29798005, 33003991]",6
N   Pajor,1616,"[21047501, 22066003]",2
N   Zirke,1637,"[20198360, 22037929, 22430181, 23292277, 21540584, 21898434, 21997855]",7
O   Gureje,1644,"[20869560, 21585151]",2
O   Handzel,1646,"[20360168, 30541733]",2
O   Wagenaar,1658,"[27488988, 21609917]",2
P   Bavera,1669,"[20657537, 22108483]",2
P   Gander,1696,"[24200464, 21087449, 21707872, 21733188, 25478690, 25913402, 25937134, 27871729, 29664725, 30105356]",10
P   Larson,1715,"[20541595, 23082889, 30738400, 31553940]",4
P   Lu,1723,"[20730394, 31317196]",2
P   Mitchell,1729,"[12916702, 14663349, 15239201, 20123163, 20124901]",5
P   Peruzzi,1741,"[20427063, 20633412]",2
P   Pinto,1743,"[25033303, 20339684]",2
A   Thompson,176,"[21192277, 21225801]",2
Q   Yang,1774,"[19926416, 28723603, 26248442, 31920484, 20676372, 21647364, 23550269, 28698087]",8
R   Carvallo,1792,"[20068290, 21103715, 24168288]",3
R   Eikelboom,1799,"[22249869, 21936710, 27240696, 32823204]",4
R   Free,1804,"[20962699, 26255618, 27867121, 27911239, 28421030, 29167796, 30739109, 31201186, 31568135, 32894830]",10
R   Medina,1840,"[29158175, 21047501]",2
R   Sweetow,1878,"[22156949, 20807482, 22447577, 23571299]",4
S   Chen,1923,"[29997192, 20669657, 29146645, 31133786, 31474821]",5
S   Cheung,1925,"[20541595, 29353626, 22447577, 23082889, 24662638, 24751749, 26115669, 26403598, 26578924, 30738400, 31553940, 31863033, 32243040, 32471605]",14
S   Choi,1926,"[20581691, 23620150, 25733998, 31469796]",4
S   Fausti,1941,"[10943023, 11732833, 12503922, 12503924, 15077641, 15558367, 20701838]",7
S   Fiocchi,1942,"[21729434, 20558020, 22298345]",3
S   Gholami,1949,"[20068582, 23267375, 24995896]",3
S   Kieran,1987,"[32437913, 20155682]",2
S   Miller,2016,"[21936710, 22249869]",2
S   Minami,2017,"[20971587, 26181225, 29210942, 32128439]",4
S   Park,2033,"[21054911, 25466808, 27725178, 23448323, 21331784, 21922976, 22977715, 23053375, 23918695, 24162769, 24296263, 24353860, 27161899, 30690946, 25729489, 27132067, 27234666, 27569409, 28224644, 29043888, 29649793, 29879090, 32176148, 32269003, 24296263, 24353860, 25729489, 27132067, 29043888, 29649793, 32176148, 32269003, 24339282, 26413577, 26449560, 29422923, 28990828, 30624401]",38
S   Rosahl,2044,"[20436843, 20647966]",2
S   Sanches,2049,"[20068290, 21103715]",2
S   Smith,2064,"[30261766, 30452754, 21087449, 21707872, 21733188, 22788751, 23082396, 25215617, 25587668, 29642913, 30482102, 30672739, 21993049, 26950001, 30938560]",15
S   Staudinger,2066,"[20682024, 23049821, 23186556, 24422941, 28265258, 32858835]",6
S   Theodoroff,2075,"[23444467, 24603542, 24622858, 24622863, 25365366, 25600417, 26181507, 27315442, 28183355, 29090311, 29464519, 30901434, 31022358, 32334867, 32362561, 22249868, 22937406, 28590898]",18
S   Vagal,2083,"[20138209, 22005094]",2
S   Yeo,2102,"[21054911, 23918695, 24296263, 24353860, 21331784, 21922976, 23053375, 24162769, 25729489, 27132067, 27234666, 20072690, 23799161, 26317661, 26700250, 27340987, 29360090, 24215217]",18
S   Yoon,2106,"[20072690, 22109762, 22699979, 25080038, 25558405]",5
B   Engdahl,216,"[20157066, 20708451, 22267709, 26540147]",4
T   Takebayashi,2197,"[20501961, 23384472]",2
T   Watabe,2207,"[20971587, 23320814, 24720159, 26181225, 29210942, 32128439, 32747715]",7
V   Filha,2232,"[20549090, 26358094]",2
B   Gopinath,224,"[20123163, 20124901]",2
V   Sciacca,2249,"[20430549, 20577754, 20652075]",3
W   Grolman,2268,"[20647116, 26153087, 26255618, 27697874, 29167796]",5
W   Helt,2271,"[10943023, 27315442, 20701838]",3
B   Horwitz,230,"[21047501, 22066003]",2
W   Wang,2305,"[28641038, 31367617, 31211773, 26248455, 26831120, 23886083, 26045908, 20518292, 29063965, 31568136, 32682595]",11
X   Liang,2326,"[24360040, 24032538, 24360038, 27736970, 20669657, 23550183, 23601773, 24731461]",8
X   Zhang,2336,"[29231363, 21057850, 21933015, 22683504, 24938852, 25092609, 27835697, 23951019, 29146645]",9
Y   Cazals,2346,"[20096752, 23284815]",2
Y   Park,2391,"[22005703, 21054911, 29314140, 28990828, 24353860, 23583341, 23918695]",7
Z   Jafari,2431,"[22249867, 29942427, 30239441, 30991812, 31557539, 32810017]",6
Z   Zhang,2448,"[20669657, 24417170, 23787119, 26831120, 32269506, 31232954]",6
C   Dai,304,"[31058599, 20518292]",2
C   Hoekstra,338,"[20647116, 24157459, 25003528, 24691509, 21735419]",5
C   LitrÃ©,358,"[20427063, 20633412]",2
C   Matas,365,"[20549090, 25029581, 26358094, 27074186]",4
C   McMahon,368,"[20123163, 20124901, 26901425]",3
C   Orssaud,378,"[20676372, 21647364, 23550269]",3
C   Pantev,379,"[25441152, 20080545, 20714412, 21170296, 21935438, 22524367, 22754508, 24581050, 24587113, 24895541, 25690779, 25951605, 26583114, 26987755, 29551983, 31586842, 31664058, 32106112]",18
C   Park,381,"[27930870, 24653868, 20072690]",3
C   Waele,414,"[21352899, 20138209]",2
D   Bentivegna,433,"[20430549, 20577754, 20652075]",3
A   Fetoni,44,"[24882929, 20502380, 28452717]",3
D   Chung,441,"[20072690, 24162769]",2
D   Hoare,463,"[27600656, 23082396, 20668974, 21087449, 21177640, 21671234, 21707872, 21733188, 22476724, 22788751, 23571301, 23842505, 24482186, 24622861, 25215617, 25339938, 25478690, 25587668, 25996779, 26415998, 26523370, 26557658, 26584760, 26649537, 27009548, 27146036, 27403346, 27541331, 27560491, 27768195, 28425615, 28515957, 28830503, 29129348, 28930785, 29189522, 29433479, 30104320, 30261766, 30452754, 30482102, 30589445, 30871820, 31029948, 31361173, 31912887, 31969359, 32032227, 32171314, 32436477, 32678998, 33000672, 31740577]",53
D   Kim,471,"[21054911, 23260344, 28990828, 24737198, 23781982, 31469796, 28286100, 21331784, 21922976, 22977715, 23053375, 24162769, 24353860, 27161899, 29649793, 26490865, 26771015, 28084998, 29253030, 25729489, 32269003]",21
D   Koh,472,"[20730394, 31317196]",2
D   Konrad-Martin,473,"[20701838, 29337762, 31795660, 32334867]",4
D   Vieira,524,"[24333884, 22249869]",2
E   Biesinger,541,"[10888343, 18560742, 21252501, 25862620, 26054729, 20708452, 27995315, 30213235]",8
E   Chisholm,546,"[21154366, 23152235]",2
E   Ghoreyshi,560,"[20068582, 23267375]",2
E   Hamilton,567,"[21352899, 21549180, 21782007, 20630477]",4
E   Jeon,572,"[21054911, 23918695, 24653868]",3
E   Kvestad,579,"[20157066, 22267709, 26540147]",3
E   Martines,591,"[20430549, 20577754, 20652075, 25190254]",4
E   Rochtchina,610,"[12916702, 20123163, 20124901]",3
E   Shahmiri,613,"[22249867, 29942427]",2
E   Theret,617,"[20427063, 20633412]",2
F   Gallun,652,"[20701838, 31795660]",2
F   Martines,665,"[20430549, 20577754, 20652075, 25190254]",4
F   Paolino,673,"[21035629, 29708062, 31588855]",3
F   Saddadi,676,"[20068582, 23267375, 24995896]",3
F   Zeman,684,"[20682024, 21493265, 22781703, 22789414, 23049821, 23078754, 24422941, 24498000]",8
G   Curhan,705,"[20670725, 24608016]",2
A   Holt,72,"[21179508, 24583078]",2
G   Martinciglio,731,"[20430549, 20577754, 20652075]",3
G   Nelson,742,"[30822633, 22249877]",2
G   Schlaug,757,"[21170296, 24587113]",2
G   Wang,771,"[20138209, 22779753, 24360038, 24032538, 26020395, 27736970, 24731461, 27413554, 27776655, 28188881, 28941768, 29764198, 31663989]",13
G   Wenzel,773,"[25480476, 19847455, 20729788]",3
H   Choi,795,"[21054911, 28572760, 29487513, 24914798, 26020239, 22626945, 23881235, 27023015, 25466808, 26745481]",10
H   Hoffman,819,"[20157066, 22267709, 26540147]",3
H   Liu,845,"[20800344, 26614386]",2
A   Karimian,85,"[20068582, 23267375, 24995896]",3
H   Okamoto,860,"[20080545, 20714412, 21935438, 22524367, 22754508, 24587113, 29632294, 15642449]",8
H   Olze,861,"[20811866, 20811868, 22037929, 22430181, 23292277, 25862623, 31384969, 31478063, 20948948, 21540584, 21898434, 21997855, 22701404, 22892805, 23439056, 25445818, 27445776, 28487670, 28529479, 30229458, 32068692]",21
H   Shim,875,"[20072690, 22109762, 22699979, 25080038, 25558405, 26490865, 26771015, 28084998, 29253030, 29879090]",10
H   Stracke,881,"[20080545, 20714412]",2
H   Yang,893,"[20669657, 23833989, 23951019, 26881064, 27095590, 29146645, 29988458, 30261769, 32317943, 32417745, 32536854, 31042571, 31058599]",13
A   Leaver,93,"[20620868, 21220097, 22493571, 22982009, 25050181, 26299843, 27091485]",7
A   Lee,94,"[29422923, 20305490, 22392014, 14743922, 24953134, 26645752, 29988009]",7
J   Burger,950,"[20158510, 21511205, 21808984, 22032737, 22302057, 23435735]",6
A   Lesinski-Schiedat,97,"[20729788, 25480476]",2
J   GonzÃ¡lez,983,"[20880513, 25997672]",2
J   Gordon,984,"[27315442, 20701838]",2
J   Gu,987,"[28112466, 30122924, 20881196, 22869301, 31139048]",5
J   Hobson,994,"[21154366, 23152235]",2
